"calories","proteins","fat","carbohydrate","name","cluster","score(cluster_0)"
2.076745338200021,1.3308168081085943,2.7836058513670157,-0.17880411767423332,"Abon haruwan","cluster_0",0.0
-0.9863573743434407,-0.7220541172731005,-0.557883138625612,-0.5001970344540236,"Akar tonjong segar","cluster_0",0.0
-1.0387181044723888,-0.42229862816869373,-0.5487533872868343,-0.7144589789738838,"Aletoge segar","cluster_0",0.0
-0.7245537236987004,-0.7402211166127616,-9.683069601740494E-4,-0.5950844670271046,"Alpukat segar","cluster_0",0.0
-0.6525577197713968,-0.4858831258575073,-0.5396236359480566,-0.24614358595190364,"Ampas kacang hijau","cluster_0",0.0
1.428781302854289,1.594238298533679,1.0763423510155912,0.4333728666682243,"Ampas Tahu","cluster_0",0.0
-0.7900046363598855,-0.44954912717818535,-0.4026773658663915,-0.5032579193757359,"Ampas tahu kukus","cluster_0",0.0
-0.8423653664888335,-0.36779763014971073,-0.4026773658663915,-0.5828409273402555,"Ampas tahu mentah","cluster_0",0.0
-0.6329224459730413,-0.4041316288290328,-0.503104630592946,-0.2798133200907389,"Andaliman segar","cluster_0",0.0
-1.1172591996658108,-0.676636618923948,-0.5761426413031673,-0.6685457051481994,"Andewi","cluster_0",0.0
-1.0845337433352182,-0.7765551152920835,-0.5761426413031673,-0.6226324313225151,"Anggur hutan segar","cluster_0",0.0
-0.4562049817878415,-0.5131336248669989,0.12684821178271338,-0.515501459062585,"Anyang sayur","cluster_0",0.0
-0.9012711878839001,-0.7947221146317446,-0.557883138625612,-0.3747007526638198,"Apel","cluster_0",0.0
-0.9078162791500186,-0.7765551152920835,-0.557883138625612,-0.43897933601977784,"Apel malang segar","cluster_0",0.0
-1.0387181044723888,-0.749304616282592,-0.5487533872868343,-0.5767191574968308,"Arbei","cluster_0",0.0
-0.5412911682473821,-0.7402211166127616,0.06293995241126966,-0.48795349476717453,"Ares sayur","cluster_0",0.0
-0.6132871721746858,-0.731137616942931,-0.5761426413031673,-0.09309933986628922,"Arrowroot segar","cluster_0",0.0
0.5321037993960533,-0.603968621565304,1.688035690713695,-0.5032579193757359,"Arwan sirsir","Noise",0.0
-0.7900046363598855,-0.8038056143015752,-0.4939748792541682,-0.3379701336032723,"Asam kandis segar","cluster_0",0.0
0.28339033128354996,-0.5676346228859819,-0.5396236359480566,1.0822804700712296,"Asam masak di pohon","cluster_0",0.0
-0.3972991603927749,-0.749304616282592,-0.557883138625612,0.15177145387069385,"Asam payak segar","cluster_0",0.0
0.42738233913815715,-0.7402211166127616,-0.44832612256027987,1.1067675494449278,"Asan kandis kering","cluster_0",0.0
-0.6394675372391597,-0.4677161265178463,-0.35702860917250323,-0.37776163758553205,"Asinan Bogor sayuran","cluster_0",0.0
0.6630056247184235,2.439003767827916,0.7933200595134832,-0.7817984472515541,"Ayam  goreng Kentuckysayap","cluster_0",0.0
0.48628816053322377,2.1119977797140175,0.42813000596237644,-0.5277449987494341,"Ayam ampela goreng","cluster_0",0.0
-0.7900046363598855,0.431550340795374,-0.42093686854394696,-0.8093464115469649,"Ayam dideh/darah segar","cluster_0",0.0
0.6499154421861865,2.2664172741011366,0.8663580702237046,-0.7848593321732664,"Ayam goreng church texa sayap","cluster_0",0.0
0.9313543666292824,2.3754192701391026,1.2863266318074775,-0.8185290663121016,"Ayam goreng church texas dada","cluster_0",0.0
0.5190136168638163,2.5752562628753735,0.5194275193501532,-0.790981102016691,"Ayam goreng kalasan paha","cluster_0",0.0
0.669550715984542,2.2845842734407977,0.939396080933926,-0.8277117210772384,"Ayam goreng kentucky dada","cluster_0",0.0
0.5910096207911198,2.0938307803743568,0.8754878215624824,-0.7971028718601156,"Ayam goreng Kentucky paha","cluster_0",0.0
0.6499154421861865,2.738759256932323,0.6472440380930405,-0.8001637567818279,"Ayam goreng mbok berek dada","cluster_0",0.0
0.5975547120572384,1.9939122840062211,0.8389688162073715,-0.7787375623298419,"Ayam goreng paha","cluster_0",0.0
0.32920597014637953,2.620673761224526,0.22727547650926772,-0.8093464115469649,"Ayam goreng pasundan dada","cluster_0",0.0
0.322660878880261,2.184665777072662,0.4463895086399319,-0.821589951233814,"Ayam goreng pasundan paha","cluster_0",0.0
0.6499154421861865,2.5752562628753735,0.7476713028195948,-0.812407296468677,"Ayam goreng pioneer dada","cluster_0",0.0
0.3161157876141425,2.5116717651865605,0.24553497918682302,-0.8001637567818279,"Ayam goreng sukabumi dada","cluster_0",0.0
0.5713743469927643,2.4208367684882552,0.7111522974644844,-0.8154681813903893,"Ayam goreng sukabumi paha","cluster_0",0.0
0.42738233913815715,1.6669062958923229,0.8754878215624824,-0.7817984472515541,"Ayam hati segar","cluster_0",0.0
0.4470176129365127,0.8312243262679163,1.2406778751135892,-0.748128713112719,"Ayam taliwang masakan","cluster_0",0.0
1.814941687555281,3.2837692371221534,1.8067224581178047,-0.40530960188094267,"Ayam usus goreng","Noise",0.9736004299204737
-0.5609264420457376,0.6586378325411367,-0.17443358239694984,-0.8062855266252524,"Babi ginjal segar","cluster_0",0.0
-0.43656970798948597,0.9674768213153739,-0.15617407971939448,-0.7787375623298419,"Babi hati segar","cluster_0",0.0
1.932753330345414,1.412568305137069,0.8937473242400377,-0.8246508361555263,"Babi hutan masak rica masakan","Noise",1.1257249540232537
-0.607396590035179,-0.5222171245368293,-0.34789885783372554,-0.3318483637598478,"Bacang","cluster_0",0.0
1.6644045884345553,-0.5313006242066599,0.6746332921093736,1.5597785178583465,"Bagea kelapa asin","cluster_0",0.0
1.6774947709667922,-0.7038871179334395,0.665503540770596,1.6363006409011538,"Bagea kelapa manis","cluster_0",0.0
2.1814667984579175,-0.5313006242066599,2.0623554956035797,1.1159502042100646,"Bagea kenari asin","cluster_0",0.0
2.1421962508612062,-0.5313006242066599,1.9801877335545803,1.1343155137403387,"Bagea kenari manis","cluster_0",0.0
1.441871485386526,-0.2315451351022531,0.2637944818643784,1.5046825892675253,"Bagea kw 1","cluster_0",0.0
1.2193383823384967,-0.7947221146317446,-0.27486084712350417,1.838319045734165,"Bagea kw 2","cluster_0",0.0
-0.43656970798948597,-0.6493861199144565,0.00816144437860359,-0.3532745582118338,"Baje","cluster_0",0.0
0.49937834306546075,-0.031708142365981996,0.01729119571738131,0.5190776444761684,"Bakpia kue","cluster_0",0.0
-0.7834595450937669,-0.44954912717818535,-0.36615836051128087,-0.5491711932014203,"Bakso","cluster_0",0.0
-1.1041690171335738,-0.6403026202446259,-0.5761426413031673,-0.7022154392870347,"Bakung segar","cluster_0",0.0
0.5517390731944088,-0.07712564071513454,0.33683249257459974,0.36297251346884174,"Bakwan","cluster_0",0.0
-1.195800294859233,-0.7856386149619141,-0.5761426413031673,-0.7389460583475822,"Baligo","cluster_0",0.0
-0.03731914075625695,-0.5222171245368293,-0.5670128899643897,0.5007123349458947,"Bantal","cluster_0",0.0
-0.24021697000593073,-0.5403841238764904,-0.06487656633161776,-0.11146464939656299,"Barongko","cluster_0",0.0
-0.3842089778605379,-0.4313821278385243,-0.15617407971939448,-0.24614358595190364,"Batang Tading","cluster_0",0.0
-0.5805617158440932,-0.622135620904965,-0.3935476145276139,-0.2308391613433422,"Batar daan","cluster_0",0.0
-0.7834595450937669,-0.7220541172731005,-0.5122343819317235,-0.34103101852498463,"Batatas gembili segar","cluster_0",0.0
-0.5609264420457376,-0.694803618263609,-0.4939748792541682,-0.11452553431827532,"Batatas kelapa ubi bakar","cluster_0",0.0
-0.6787380848358708,-0.7129706176032701,-0.5670128899643897,-0.1879867724393702,"Batatas kelapa ubi kukus","cluster_0",0.0
-0.6983733586342263,-0.7220541172731005,-0.5852723926419451,-0.1879867724393702,"Batatas kelapa ubi segar","cluster_0",0.0
-0.08967987088520502,-0.603968621565304,-0.557883138625612,0.46092083096363506,"Batatas tali ubi rebus","cluster_0",0.0
-0.9863573743434407,-0.694803618263609,-0.5761426413031673,-0.515501459062585,"Bawang Bombay","cluster_0",0.0
-1.0256279219401518,-0.6857201185937785,-0.5670128899643897,-0.8246508361555263,"Bawang Merah","cluster_0",0.0
-0.6591028110375152,-0.41321512849886327,-0.5761426413031673,-0.1237081890834121,"Bawang Putih","cluster_0",0.0
-1.0845337433352182,-0.7038871179334395,-0.5304938846092789,-0.653241280539638,"Bayam kukus","cluster_0",0.0
-0.9470868267467296,-0.4041316288290328,-0.5487533872868343,-0.524684113827722,"Bayam Merah","cluster_0",0.0
-1.0125377394079147,-0.622135620904965,-0.5213641332705014,-0.6379368559310766,"Bayam merah segar","cluster_0",0.0
-1.130349382198048,-0.7129706176032701,-0.5396236359480566,-0.7175198638955962,"Bayam rebus","cluster_0",0.0
-1.0452631957385072,-0.5040501251971684,-0.5487533872868343,-0.631815086087652,"Bayam segar","cluster_0",0.0
-0.6132871721746858,-0.4858831258575073,0.01729119571738131,-0.6195715464008028,"Bayam tumis + oncom","cluster_0",0.0
-0.9667221005450852,-0.694803618263609,-0.21095258775206047,-0.7511895980344313,"Bayam tumis bersantan","cluster_0",0.0
0.7022761723151345,0.20446284904961134,1.8706307174892485,-0.7175198638955962,"Bebek alabio daging segar","cluster_0",0.0
0.682640898516779,1.3580673071180858,1.295456383146255,-0.6930327845218979,"Bebek daging goreng","cluster_0",0.0
-0.8554555490210706,-0.7220541172731005,-0.11965507436428376,-0.7236416337390207,"Beberuk","cluster_0",0.0
0.40774706533980165,0.14087835136079768,0.27292423320315606,0.16401499355754298,"Beef burger","cluster_0",0.0
-0.29257770013487877,-0.040791642035812474,-0.3113798524786149,-0.14819526845711042,"Beef teriyaki masakan","cluster_0",0.0
-0.41693443419113047,0.06821035400215372,-0.4939748792541682,-0.1971694272045071,"Beef yakiniku masakan","cluster_0",0.0
-0.5216558944490266,0.2589638470685944,-0.14704432838061676,-0.6440586257745012,"Bekasam","cluster_0",0.0
-0.7703693625615299,0.2135463487194418,-0.41180711720516927,-0.7205807488173084,"Bekasang","cluster_0",0.0
-0.423479525457249,1.0128943196645264,-0.20182283641328283,-0.7450678281910067,"Belibis daging segar","cluster_0",0.0
-1.0452631957385072,-0.7856386149619141,-0.557883138625612,-0.5614147328882694,"Belimbing","cluster_0",0.0
-0.33184824773158983,-0.7129706176032701,-0.557883138625612,0.21605003722665198,"Belitung talas kukus","cluster_0",0.0
1.4484165766526444,1.5306538008448651,1.1767696157421452,0.14871056894898152,"Belut goreng","cluster_0",0.0
-0.822730092690478,0.504218338154018,-0.5213641332705014,-0.8001637567818279,"Belut segar","cluster_0",0.0
-0.6721929935697523,0.34071534409706894,-0.4574558738990576,-0.6440586257745012,"Belutlaut segar","cluster_0",0.0
-0.9209064616822557,-0.694803618263609,-0.5761426413031673,-0.43897933601977784,"Bengkuang","cluster_0",0.0
-0.6394675372391597,-0.676636618923948,-0.5304938846092789,-0.19104765736108253,"Bentul (Komba)  talas segar","cluster_0",0.0
-0.8161850014243595,-0.6130521212351344,-0.5670128899643897,-0.35939632805525834,"Bentul talas kukus","cluster_0",0.0
1.0098954618227045,-0.5767181225558125,-0.4939748792541682,1.6883356845702626,"Beras Cerdas","cluster_0",0.0
1.1015267395483637,-0.5131336248669989,-0.5304938846092789,1.8107710814387543,"Beras ganyong","cluster_0",0.0
1.0753463744838896,-0.2042946360927616,-0.5304938846092789,1.5842655972320452,"Beras Giling","cluster_0",0.0
-0.11586023594967905,-0.6312191205747955,-0.5852723926419451,0.4119466722162384,"Beras Giling masak (nasi)","cluster_0",0.0
1.055711100685534,-0.05895864137547343,-0.43919637122150224,1.5291696686412235,"Beras giling mentah","cluster_0",0.0
1.1342521958789562,0.04095985499266213,-0.4665856252378353,1.5291696686412235,"Beras giling var pelita mentah","cluster_0",0.0
1.055711100685534,-0.05895864137547343,-0.43919637122150224,1.5291696686412235,"Beras giling var rojolele mentah","cluster_0",0.0
1.016440553088823,-0.09529264005479549,-0.47571537657661295,1.5230478987977993,"Beras hitam mentah","cluster_0",0.0
1.0622561919516524,-0.3223801318005582,-0.5852723926419451,1.700579224257112,"Beras jagung kuning kering mentah","cluster_0",0.0
0.7284565373796086,-0.38596462948937177,-0.5852723926419451,1.3669427677904724,"Beras jagung putih kering mentah","cluster_0",0.0
1.0491660094194155,-0.18612763675310057,-0.5304938846092789,1.5567176329366343,"Beras Ketan Hitam","cluster_0",0.0
-0.09622496215132353,-0.4586326268480158,-0.4848451279153906,0.31093746979973275,"Beras Ketan Hitam kukus","cluster_0",0.0
-0.19440133114310115,-0.47679962618767685,-0.503104630592946,0.22217180707007642,"Beras Ketan Hitam tape","cluster_0",0.0
1.0753463744838896,-0.09529264005479549,-0.38441786318883625,1.4495866606767043,"Beras Ketan Hitam tumbuk","cluster_0",0.0
1.0753463744838896,-0.09529264005479549,-0.38441786318883625,1.4495866606767043,"Beras ketan hitam tumbuk mentah","cluster_0",0.0
1.0884365570161265,-0.21337813576259207,-0.5304938846092789,1.5995700218406066,"Beras Ketan Putih","cluster_0",0.0
-0.21403660494145668,-0.549467623546321,-0.557883138625612,0.2619633110523363,"Beras Ketan Putih kukus","cluster_0",0.0
-0.1551307835463901,-0.549467623546321,-0.5487533872868343,0.3170592396431574,"Beras Ketan Putih tape","cluster_0",0.0
1.081891465750008,-0.14979363807377852,-0.5213641332705014,1.5689611726234838,"Beras Ketan Putih tumbuk","cluster_0",0.0
1.081891465750008,-0.14979363807377852,-0.5213641332705014,1.5689611726234838,"Beras ketan putih tumbuk mentah","cluster_0",0.0
1.1800678347417857,-0.14071013840394803,-0.24747159310717118,1.5567176329366343,"Beras ladang mentah","cluster_0",0.0
0.9378994578954009,-0.122543139064287,-0.1926930850745051,1.40367338685102,"Beras Menir","cluster_0",0.0
1.0884365570161265,-0.122543139064287,-0.1926930850745051,1.40367338685102,"Beras menir mentah","cluster_0",0.0
1.0688012832177711,-0.14071013840394803,-0.5122343819317235,1.5444740932497851,"Beras Merah tumbuk","cluster_0",0.0
1.1015267395483637,-0.2042946360927616,-0.5396236359480566,1.6209962162925922,"Beras Parboiled","cluster_0",0.0
1.02953073562106,-0.2042946360927616,-0.5396236359480566,1.6179353313708802,"Beras parboiled","cluster_0",0.0
0.9117190928309268,-0.14979363807377852,-0.42093686854394696,1.5016217043458133,"Beras Pecah Kulit","cluster_0",0.0
1.094981648282245,-0.13162663873411756,-0.4939748792541682,1.5659002877017711,"Beras Setengah Giling","cluster_0",0.0
0.9706249142259934,-0.7220541172731005,-0.5761426413031673,0.03545782684562688,"Beras Siger","Noise",0.0
1.0360758268871786,-0.11345963939445652,-0.557883138625612,1.614874446449168,"Beras tumbuk mentah","cluster_0",0.0
1.0229856443549414,-0.15887713774360906,-0.5122343819317235,1.5016217043458133,"Beras tumbuk merah mentah","cluster_0",0.0
-0.33184824773158983,0.6586378325411367,0.04468044973371431,-0.7052763242087471,"Betok wadi masakan","cluster_0",0.0
1.0753463744838896,-0.39504812915920223,-0.5852723926419451,1.682213914726838,"Bihun","cluster_0",0.0
-0.27294242633652327,-0.549467623546321,-0.18356333373572747,-0.050246950962317224,"Bihun Goreng","cluster_0",0.0
1.2127932910723782,-0.2678791337815752,-0.23834184176839351,1.627117986136017,"Bihun goreng instan","cluster_0",0.0
1.0360758268871786,-0.7765551152920835,-0.5670128899643897,1.8444408155775898,"Bihun Jagung mentah","cluster_0",0.0
0.9968052792904675,-0.39504812915920223,-0.5852723926419451,1.682213914726838,"Bihun mentah","cluster_0",0.0
2.3974548102398283,1.1037293163628314,3.9339545200530024,-0.10840376447485066,"Biji Jambu Mete","cluster_0",0.0
2.8359759250697683,1.1309798153723232,4.573037113767439,-0.22471739149991765,"Biji Jambu Mete goreng","Noise",0.0
0.43392743040427567,-0.6130521212351344,-0.1013955716867284,0.7333395889960287,"Biji nangka/Biji salak","cluster_0",0.0
0.021586680638809627,-0.6312191205747955,-0.4574558738990576,0.5282602992413052,"Bika ambon","cluster_0",0.0
0.19634061744417375,-0.549467623546321,-0.5670128899643897,0.7884355175868498,"Bika Ambon","cluster_0",0.0
1.7167653185635035,-0.19521113642293106,0.720282048803262,1.4679519702069779,"Biskuit","cluster_0",0.0
-1.0059926481417962,-0.676636618923948,-0.5852723926419451,-0.5369276535145712,"Bit","cluster_0",0.0
-0.9470868267467296,-0.7947221146317446,-0.5852723926419451,-0.4604055304717639,"Biwah segar","cluster_0",0.0
-0.5020206206506711,-0.42229862816869373,-0.27486084712350417,-0.270630665325602,"Bongkrek (tempe bungkil)","cluster_0",0.0
-1.130349382198048,-0.731137616942931,-0.5213641332705014,-0.610388891635666,"Boros Kunci","cluster_0",0.0
-1.1368944734641664,-0.731137616942931,-0.5670128899643897,-0.6869110146784733,"Boros Laja (lengkuas)","cluster_0",0.0
-0.06349950582073098,0.24079684772893326,0.29118373588071134,-0.4328575661763533,"Botok lamtoro","cluster_0",0.0
0.3488412439447351,-0.5131336248669989,-0.557883138625612,0.9445406485941765,"Brem","cluster_0",0.0
1.33715002512863,-0.4586326268480158,-0.5304938846092789,2.08625072439286,"Brondong","cluster_0",0.0
-0.35802861279606385,0.5678028358428316,-0.29312034980105955,-0.44510110586320245,"Brongkos","cluster_0",0.0
-1.130349382198048,-0.749304616282592,-0.5761426413031673,-0.6716065900699119,"Buah Atung","cluster_0",0.0
-0.5609264420457376,-0.694803618263609,-0.4026773658663915,-0.1757432327525211,"Buah kelenting segar","cluster_0",0.0
-1.0321730132062703,-0.6857201185937785,-0.5761426413031673,-0.6012062368705292,"Buah kelor","cluster_0",0.0
0.4470176129365127,-0.4586326268480158,-0.4939748792541682,0.9935148073415732,"Buah kom segar","cluster_0",0.0
-1.0256279219401518,-0.7583881159524226,-0.5761426413031673,-0.5338667685928589,"Buah Mentega (bisbul)","cluster_0",0.0
-0.7114635411664634,-0.5858016222256429,-0.34789885783372554,-0.429796681254641,"Buah merah","cluster_0",0.0
-0.8161850014243595,-0.6675531192541175,-0.3113798524786149,-0.5522320781231326,"Buah Naga Merah segar","cluster_0",0.0
-0.9143613704161371,-0.749304616282592,-0.503104630592946,-0.4971361495323113,"Buah Naga Putih segar","cluster_0",0.0
-0.9209064616822557,-0.7129706176032701,-0.5852723926419451,-0.4573446455500516,"Buah negri segar","cluster_0",0.0
-0.6198322634408042,-0.6675531192541175,-0.5396236359480566,-0.059429605727454114,"Buah Nona","cluster_0",0.0
-0.7703693625615299,-0.7674716156222531,-0.5670128899643897,-0.2736915502473143,"Buah rotan segar","cluster_0",0.0
-0.5412911682473821,-0.749304616282592,-0.5670128899643897,-0.01045544698005745,"Buah rukam segar","cluster_0",0.0
-1.091078834601337,-0.6312191205747955,-0.5304938846092789,-0.7205807488173084,"Buah ruruhi segar","cluster_0",0.0
-0.8423653664888335,-0.7856386149619141,-0.5761426413031673,-0.34409190344669693,"Buah tuppa segar","cluster_0",0.0
1.1080718308144821,3.683443222594696,-0.15617407971939448,0.11197994988843409,"Buaya daging dendeng mentah","cluster_0",0.0
-0.8881810053516631,-0.731137616942931,4.883448659285881,-0.4328575661763533,"Bubur","Noise",2.937139338182627
-0.18785623987698266,-0.8038056143015752,-0.22921209042961582,0.17931941816610442,"Bubur sagu","cluster_0",0.0
-0.25985224380428623,-0.6130521212351344,-0.5761426413031673,-0.3532745582118338,"Bubur tinotuan (Manado)","cluster_0",0.0
-0.809639910158241,0.2135463487194418,-0.14704432838061676,-0.7879202170949788,"Bulgogi masakan","cluster_0",0.0
0.10667286709835024,0.7131388305601196,-0.5761426413031673,0.6262086167360986,"Bulung Jajan","cluster_0",0.0
0.270300148751313,0.5133018378238485,-0.5761426413031673,0.8833229501599308,"Bulung Sangu","cluster_0",0.0
-1.0518082870046257,-0.603968621565304,-0.5761426413031673,-0.5950844670271046,"Buncis","cluster_0",0.0
-0.8881810053516631,-0.35871413047988027,-0.5487533872868343,-0.5705973876534063,"Buncis asam","cluster_0",0.0
-1.0845337433352182,-0.622135620904965,-0.5761426413031673,-0.6348759710093643,"Buncis rebus","cluster_0",0.0
-0.9863573743434407,-0.5858016222256429,-0.5670128899643897,-0.5828409273402555,"Bunga pepaya segar","cluster_0",0.0
-1.0059926481417962,-0.6403026202446259,-0.4939748792541682,-0.6440586257745012,"Bunga turi segar","cluster_0",0.0
0.8986289102986897,1.839492789619103,-0.29312034980105955,0.6996698548571935,"Bungkil Biji Karet","cluster_0",0.0
0.9182641840970454,2.5752562628753735,0.5924655300603746,0.1027972951232972,"Bungkil Kacang Tanah","cluster_0",0.0
1.1277071046128375,1.2672323104197807,0.7750605568359279,0.3935813626859646,"Bungkil Kelapa","Noise",0.0
-0.5871068071102117,-0.42229862816869373,-0.01922780963772941,-0.58896269718368,"Buntil","cluster_0",0.0
-0.35802861279606385,-0.42229862816869373,0.33683249257459974,-0.5859018122619677,"Buntil daun talas","cluster_0",0.0
-0.45816850916767704,-0.5222171245368293,-0.42093686854394696,-0.09922110970971389,"Buras","cluster_0",0.0
0.5582841644605273,2.5843397625452043,-0.5670128899643897,0.15177145387069385,"Burung sarang segar","Noise",0.0
-1.0321730132062703,-0.676636618923948,-0.5213641332705014,-0.6379368559310766,"Cabai gembor merah segar","cluster_0",0.0
-1.1107141083996923,-0.7583881159524226,-0.5670128899643897,-0.6716065900699119,"Cabai hijau segar","cluster_0",0.0
1.121162013346719,0.6223038338618146,-0.028357560976507046,1.0608542756192436,"Cabai merah kering","cluster_0",0.0
-1.0452631957385072,-0.731137616942931,-0.5670128899643897,-0.6073280067139537,"Cabai merah segar","cluster_0",0.0
-0.4954755293845526,-0.39504812915920223,-0.3752881118500586,-0.22165650657820543,"Cabai rawit segar","cluster_0",0.0
-1.1499846559964035,-0.6675531192541175,-0.557883138625612,-0.726702518660733,"Caisin segar","cluster_0",0.0
-0.26639733507040475,1.003810819994696,-0.24747159310717118,-0.5185623439842973,"Cakalang asar (asap papua)","cluster_0",0.0
0.8331779976375047,-0.3768811298195412,0.4555192599787095,0.7027307397789058,"Cake tape","cluster_0",0.0
-0.6132871721746858,-0.5313006242066599,-0.0466170636540624,-0.5644756178099817,"Cammetutu","cluster_0",0.0
1.1146169220806006,0.17721235004011976,-0.29312034980105955,1.40367338685102,"Cantel mentah","cluster_0",0.0
-0.6460126285052783,-0.2951296327910667,-0.01922780963772941,-0.7022154392870347,"Cap cai sayur","cluster_0",0.0
-1.1238042909319295,-0.6493861199144565,-0.5761426413031673,-0.7175198638955962,"Carica papaya segar","cluster_0",0.0
1.7298555010957404,-0.749304616282592,1.1128613563707017,-0.3043003994644372,"Cassavastick","Noise",1.1360968357218981
-0.5216558944490266,-0.549467623546321,-0.557883138625612,0.04464048161076376,"Cempedak","cluster_0",0.0
0.8789936365003342,-0.3496306308100497,0.21814572517049008,0.9261753390639028,"Cengkeh kering","cluster_0",0.0
0.8920838190325713,0.17721235004011976,-0.29312034980105955,1.40367338685102,"Centel","cluster_0",0.0
1.7429456836279775,-0.7129706176032701,1.295456383146255,1.2414464860002687,"Ceriping getuk singkong","cluster_0",0.0
-0.18131114861086414,0.3588823434367299,0.2820539845419337,-0.6012062368705292,"Chicken teriyaki masakan","cluster_0",0.0
-0.34493843026382687,0.06821035400215372,-0.4665856252378353,-0.132890843848549,"Chikiniku masakan","cluster_0",0.0
0.7546369024440827,-0.09529264005479549,-0.22921209042961582,0.6660001207183582,"Coklat bubuk","cluster_0",0.0
1.8083965962891626,-0.6403026202446259,2.126263754975023,1.0884022399146542,"Coklat Manis batang","cluster_0",0.0
2.0178395168049548,-0.3223801318005582,4.235236314232665,0.06300579114103744,"Coklat Pahit batang","Noise",1.2918133098346698
0.09358268456611323,-0.676636618923948,0.00816144437860359,0.2650241959740484,"Combro","cluster_0",0.0
-0.6525577197713968,-0.2042946360927616,-0.055746814992840045,-0.7144589789738838,"Coto mangkasara kuda masakan","cluster_0",0.0
-0.7310988149648189,-0.27696263345140565,-0.0466170636540624,-0.7879202170949788,"Coto mangkasara sapi masakan","cluster_0",0.0
-1.2023453861253515,-0.8128891139714056,-0.5852723926419451,-0.6777283599133364,"Cuka","cluster_0",0.0
-0.7900046363598855,0.6404708332014758,-0.5304938846092789,-0.8277117210772384,"Cumi-cumi segar","cluster_0",0.0
-0.5085657119167896,0.822140826598086,-0.22008233909083819,-0.8032246417035402,"Daging Kuda","cluster_0",0.0
-1.1041690171335738,-0.7038871179334395,-0.5396236359480566,-0.7083372091304593,"Daun bangun-bangun segar","cluster_0",0.0
-1.091078834601337,-0.658469619584287,-0.5304938846092789,-0.6716065900699119,"Daun Bawang","cluster_0",0.0
-1.0125377394079147,-0.6403026202446259,-0.5670128899643897,-0.5920235821053923,"Daun bawang  merah segar","cluster_0",0.0
-1.0125377394079147,-0.5767181225558125,-0.503104630592946,-0.6073280067139537,"Daun bebuas segar","cluster_0",0.0
-0.9536319180128482,-0.42229862816869373,-0.4665856252378353,-0.5920235821053923,"Daun belem segar","cluster_0",0.0
-1.0059926481417962,-0.658469619584287,-0.5487533872868343,-0.5430494233579957,"Daun Beluntas","cluster_0",0.0
-0.48238534685231554,-0.27696263345140565,-0.503104630592946,-0.03494252635375578,"Daun Cincau","cluster_0",0.0
-0.8881810053516631,-0.5403841238764904,-0.5670128899643897,-0.4022487169592304,"Daun Gandaria","cluster_0",0.0
-0.9012711878839001,-0.5585511232161514,-0.5304938846092789,-0.524684113827722,"Daun gedi besar segar","cluster_0",0.0
-1.0845337433352182,-0.7038871179334395,-0.5304938846092789,-0.653241280539638,"Daun gelang segar","cluster_0",0.0
-0.9536319180128482,-0.4041316288290328,-0.5122343819317235,-0.6165106614790906,"Daun gunda bali segar","cluster_0",0.0
-0.8750908228194261,-0.4404656275083548,-0.5122343819317235,-0.5491711932014203,"Daun gunda serang segar","cluster_0",0.0
-0.8030948188921224,-0.4041316288290328,-0.5487533872868343,-0.3349092486815601,"Daun Jambu Mete muda","cluster_0",0.0
-1.0583533782707444,-0.47679962618767685,-0.5487533872868343,-0.6685457051481994,"Daun jampang segar","cluster_0",0.0
-0.6721929935697523,-0.36779763014971073,-0.47571537657661295,-0.36245721297697064,"Daun jawaw seluang segar","cluster_0",0.0
-1.1041690171335738,-0.6312191205747955,-0.5304938846092789,-0.6960936694436101,"Daun jonghe segar","cluster_0",0.0
-1.0452631957385072,-0.5585511232161514,-0.5396236359480566,-0.6226324313225151,"Daun kacang ma segar","cluster_0",0.0
-1.0583533782707444,-0.44954912717818535,-0.557883138625612,-0.653241280539638,"Daun Kacang Panjang","cluster_0",0.0
-1.0190828306740332,-0.4858831258575073,-0.5670128899643897,-0.5859018122619677,"Daun Kacang Panjang kukus","cluster_0",0.0
-1.0845337433352182,-0.5403841238764904,-0.5670128899643897,-0.653241280539638,"Daun kacang panjang segar","cluster_0",0.0
-0.6787380848358708,-0.4586326268480158,-0.2657310957847265,-0.4971361495323113,"Daun kasbi/singkong karet segar","cluster_0",0.0
-0.8947260966177816,-0.38596462948937177,-0.503104630592946,-0.4940752646105991,"Daun Katuk","cluster_0",0.0
-0.9339966442144927,-0.34054713114021923,-0.5122343819317235,-0.5522320781231326,"Daun katuk rebus","cluster_0",0.0
-0.8947260966177816,-0.2406286347720836,-0.503104630592946,-0.5277449987494341,"Daun katuk segar","cluster_0",0.0
-0.9732671918112037,-0.36779763014971073,-0.5487533872868343,-0.5705973876534063,"Daun Kecipir","cluster_0",0.0
-0.8947260966177816,-0.5676346228859819,-0.5670128899643897,-0.42061402648950413,"Daun Kedondong","cluster_0",0.0
-0.7441889974970559,-0.21337813576259207,-0.43919637122150224,-0.3930660621940935,"Daun Kelor","cluster_0",0.0
-0.8816359140855445,-0.2678791337815752,-0.5122343819317235,-0.524684113827722,"Daun Kelor rebus","cluster_0",0.0
-0.9798122830773222,-0.4586326268480158,-0.5487533872868343,-0.5583538479665571,"Daun Kemangi","cluster_0",0.0
-0.9863573743434407,-0.4858831258575073,-0.5487533872868343,-0.6287542011659398,"Daun kenikir segar","cluster_0",0.0
-0.9667221005450852,-0.41321512849886327,-0.5213641332705014,-0.5522320781231326,"Daun kesum segar","cluster_0",0.0
-1.1368944734641664,-0.6312191205747955,-0.5487533872868343,-0.7205807488173084,"Daun kol sawi segar","cluster_0",0.0
-1.130349382198048,-0.549467623546321,-0.5670128899643897,-0.7175198638955962,"Daun Koro","cluster_0",0.0
-0.9470868267467296,-0.5948851218954734,-0.4939748792541682,-0.5859018122619677,"Daun kubis segar","cluster_0",0.0
-1.1892552035931145,-0.7038871179334395,-0.5670128899643897,-0.7603722527995681,"Daun Kumak","cluster_0",0.0
-0.8881810053516631,-0.4586326268480158,-0.557883138625612,-0.6869110146784733,"Daun Labu Siam","cluster_0",0.0
-1.0845337433352182,-0.4949666255273379,-0.5396236359480566,-0.6930327845218979,"Daun Labu Waluh","cluster_0",0.0
-0.7114635411664634,-0.0680421410453039,-0.4300666198827246,-0.39000517727238126,"Daun lamtoro segar","cluster_0",0.0
-0.7834595450937669,-0.5676346228859819,-0.5761426413031673,-0.3471527883684092,"Daun leilem segar","cluster_0",0.0
-0.9863573743434407,-0.39504812915920223,-0.5487533872868343,-0.5828409273402555,"Daun Leunca","cluster_0",0.0
-1.0845337433352182,-0.6130521212351344,-0.557883138625612,-0.653241280539638,"Daun Lobak","cluster_0",0.0
-1.0190828306740332,-0.549467623546321,-0.5213641332705014,-0.6042671217922414,"Daun Lompong Tales","cluster_0",0.0
-0.9274515529483741,-0.4858831258575073,-0.5670128899643897,-0.4695881852369007,"Daun Mangkokan","cluster_0",0.0
-0.8161850014243595,-0.2042946360927616,-0.44832612256027987,-0.4787708400020376,"Daun matel ambon segar","cluster_0",0.0
-0.6329224459730413,-0.36779763014971073,-0.47571537657661295,-0.17880411767423332,"Daun Melinjo","cluster_0",0.0
-0.8685457315533076,-0.47679962618767685,-0.4574558738990576,-0.4787708400020376,"Daun Mengkudu Kukus","cluster_0",0.0
-0.19440133114310115,-0.6675531192541175,-0.5487533872868343,0.3568507436254171,"Daun ndusuk segar","cluster_0",0.0
-1.1368944734641664,-0.731137616942931,-0.5852723926419451,-0.6685457051481994,"Daun Oyong","cluster_0",0.0
-1.1368944734641664,-0.731137616942931,-0.5852723926419451,-0.6685457051481994,"Daun oyong segar","cluster_0",0.0
-1.0518082870046257,-0.4586326268480158,-0.5670128899643897,-0.6348759710093643,"Daun Pakis","cluster_0",0.0
-0.9274515529483741,-0.622135620904965,-0.2657310957847265,-0.7358851734258698,"Daun pakis longgiho segar","cluster_0",0.0
-1.0256279219401518,-0.41321512849886327,-0.557883138625612,-0.6195715464008028,"Daun pakis segar","cluster_0",0.0
-0.9339966442144927,-0.5131336248669989,-0.4848451279153906,-0.610388891635666,"Daun pakis wambateu segar","cluster_0",0.0
-1.091078834601337,-0.5131336248669989,-0.5852723926419451,-0.631815086087652,"Daun paku segar","cluster_0",0.0
-0.6001969896424487,-0.4677161265178463,-0.5396236359480566,-0.2828742050124512,"Daun pangisegar","cluster_0",0.0
-0.9601770092789667,-0.5767181225558125,-0.503104630592946,-0.5736582725751185,"Daun pare segar","cluster_0",0.0
-0.7114635411664634,-0.09529264005479549,-0.41180711720516927,-0.46652730031518846,"Daun pepaya segar","cluster_0",0.0
-0.4431147992556045,0.26804734673842484,-9.683069601740494E-4,-0.451222875706627,"Daun Pete Cina","cluster_0",0.0
-1.0387181044723888,-0.5948851218954734,-0.5213641332705014,-0.6195715464008028,"Daun Poh-pohan","cluster_0",0.0
0.6891859897828975,0.46788433947469593,0.4007407519460435,0.6690610056400705,"Daun salam  bubuk","cluster_0",0.0
-0.8750908228194261,-0.4586326268480158,-0.5487533872868343,-0.5093796892191605,"Daun selasih segar","cluster_0",0.0
-0.9863573743434407,-0.42229862816869373,0.13597796312149102,-0.8154681813903893,"Daun Semanggi","cluster_0",0.0
-0.9863573743434407,-0.42229862816869373,-0.5487533872868343,-0.5705973876534063,"Daun semanggi segar","cluster_0",0.0
-0.9339966442144927,-0.5313006242066599,-0.36615836051128087,-0.5981453519488169,"Daun simpur segar","cluster_0",0.0
-0.835820275222715,-0.6403026202446259,-0.503104630592946,-0.36551809789868295,"Daun singkil segar","cluster_0",0.0
-0.8030948188921224,-0.2042946360927616,-0.4848451279153906,-0.4328575661763533,"Daun Singkong","cluster_0",0.0
-0.33839333899770835,0.3316318444272383,-0.4848451279153906,-0.059429605727454114,"Daun singkong ambon segar","cluster_0",0.0
-0.9536319180128482,-0.2587956341117446,-0.4939748792541682,-0.6134497765573784,"Daun singkong ampenan segar","cluster_0",0.0
-0.796549727626004,-0.24971213444191415,-0.5304938846092789,-0.5032579193757359,"Daun singkong kopang segar","cluster_0",0.0
-0.9209064616822557,-0.4586326268480158,-0.5487533872868343,-0.5705973876534063,"Daun Singkong lodeh","cluster_0",0.0
-1.0779886520690998,-0.4858831258575073,-0.5396236359480566,-0.683850129756761,"Daun Singkong rebus","cluster_0",0.0
-0.9536319180128482,-0.2587956341117446,-0.4939748792541682,-0.6134497765573784,"Daun singkong segar","cluster_0",0.0
-1.0452631957385072,-0.5858016222256429,-0.5122343819317235,-0.6440586257745012,"Daun Sintrong","cluster_0",0.0
-1.1041690171335738,-0.7038871179334395,-0.5761426413031673,-0.6501803956179257,"Daun talas rebus","cluster_0",0.0
-0.8947260966177816,-0.549467623546321,-0.557883138625612,-0.41755314156779183,"Daun talas segar","cluster_0",0.0
-0.8161850014243595,-0.44954912717818535,-0.4026773658663915,-0.4542837606283393,"Daun Tales","cluster_0",0.0
-1.1041690171335738,-0.7038871179334395,-0.5761426413031673,-0.6501803956179257,"Daun Tales rebus","cluster_0",0.0
-0.822730092690478,-0.5585511232161514,-0.5670128899643897,-0.40530960188094267,"Daun tespong segar","cluster_0",0.0
-0.9732671918112037,-0.5676346228859819,-0.557883138625612,-0.5124405741408727,"Daun Ubi Jalar","cluster_0",0.0
-0.9143613704161371,-0.5403841238764904,-0.5670128899643897,-0.4328575661763533,"Daun Ubi Jalar kukus","cluster_0",0.0
-0.8750908228194261,-0.4858831258575073,-0.5670128899643897,-0.49101437968888684,"Daun ubi kuning segar","cluster_0",0.0
-0.9143613704161371,-0.5403841238764904,-0.5670128899643897,-0.4328575661763533,"Daun ubi merah kukus","cluster_0",0.0
-0.9667221005450852,-0.549467623546321,-0.5670128899643897,-0.5001970344540236,"Daun ubi merah segar","cluster_0",0.0
-0.9798122830773222,-0.5676346228859819,-0.5761426413031673,-0.5797800424185432,"Daun ubi putih segar","cluster_0",0.0
-0.9209064616822557,-0.6675531192541175,-0.5852723926419451,-0.46652730031518846,"Daun ubi tinta segar","cluster_0",0.0
0.42083724787203863,-0.6403026202446259,0.7750605568359279,0.7914964025085621,"Deblo","cluster_0",0.0
1.2193383823384967,4.237536702454357,0.6928927947869289,-0.5859018122619677,"Dendeng belut goreng","Noise",0.7757363697829338
2.6330780958200948,5.927067641042831,1.8615009661504707,-0.5491711932014203,"Dendeng mujahir goreng","Noise",2.9232979186253294
-0.7769144538276485,0.431550340795374,-0.42093686854394696,-0.8093464115469649,"Dideh darah ayam","cluster_0",0.0
0.34229615267861657,0.08637735334181466,-0.38441786318883625,0.4211293269813752,"Djibokum masakan","cluster_0",0.0
1.3044245687980374,-0.549467623546321,-0.07400631767039541,1.6546659504314276,"Dodol","cluster_0",0.0
0.669550715984542,-0.4858831258575073,-0.4026773658663915,1.1863505574094477,"Dodol bali","cluster_0",0.0
1.1277071046128375,-0.5858016222256429,0.190756471154157,1.3118468391996514,"Dodol banjarmasin","cluster_0",0.0
0.9968052792904675,-0.7856386149619141,-0.24747159310717118,1.4985608194241007,"Dodol galamai","cluster_0",0.0
0.8855387277664528,-0.6493861199144565,0.09945895776638031,1.1220719740534892,"Dodol kedondong","cluster_0",0.0
1.16043256094343,-0.4313821278385243,0.9120068269175929,0.7578266683697269,"Dodol manado","cluster_0",0.0
-1.1663473841616998,-0.5222171245368293,-0.38441786318883625,0.37827693807740315,"Dodonkol","cluster_0",0.0
-0.6263773547069227,0.6858883315506283,-0.29312034980105955,-0.8001637567818279,"Domba ginjal segar","cluster_0",0.0
-0.8685457315533076,-0.731137616942931,-0.5761426413031673,-0.3379701336032723,"Duku","cluster_0",0.0
-0.4038442516588934,-0.5948851218954734,-0.3205096038173925,0.02627517208048999,"Durian","cluster_0",0.0
-0.757279180029293,-0.7765551152920835,-0.5396236359480566,-0.2736915502473143,"Duwet segar","cluster_0",0.0
-1.1630748385286405,-0.731137616942931,-0.5761426413031673,-0.7144589789738838,"Eceng Gondok","cluster_0",0.0
-0.6394675372391597,-0.694803618263609,-0.5761426413031673,-0.053307835884029556,"Embacang","cluster_0",0.0
0.34229615267861657,2.466254266837408,0.035550698394936665,-0.5216232289060098,"Empal (daging) Goreng masakan","cluster_0",0.0
0.9771700054921119,0.26804734673842484,-0.4574558738990576,1.3577601130253356,"Emping (kerupuk melinjo)","cluster_0",0.0
1.3567852989269853,0.14087835136079768,-0.3935476145276139,1.7801622322216313,"Emping beras","cluster_0",0.0
1.042620918153297,0.7948903275885943,-0.17443358239694984,1.0271845414804086,"Emping komak","cluster_0",0.0
-0.48238534685231554,-0.5040501251971684,-0.18356333373572747,-0.2951177446993003,"Encung asam segar","cluster_0",0.0
2.240372619852984,0.4133833414557129,2.1719125116689115,0.779252862821713,"Enting-enting gepuk hello kity","cluster_0",0.0
2.148741342127325,0.3861328424462215,2.0714852469423573,0.7608875532914392,"Enting-enting gepuk kacang tanah","cluster_0",0.0
2.417090084038184,0.8312243262679163,2.9114223701099027,0.2956330451911713,"Enting-enting wijen","Noise",0.0
0.09358268456611323,-0.4586326268480158,0.5468167733664863,-0.2002303121262193,"Es krim","cluster_0",0.0
-0.25527067991800334,-0.549467623546321,-0.43919637122150224,0.17013676340096764,"Es Krim (Coconut milk)","cluster_0",0.0
0.48628816053322377,0.2952978457479164,0.8572283188849271,-0.24002181610847909,"Fillet o-fish","cluster_0",0.0
0.8266329063713862,-0.603968621565304,-0.5396236359480566,1.513865244032662,"Gadeng/Gadung kering","cluster_0",0.0
-0.3842089778605379,-0.2678791337815752,-0.3022501011398372,-0.1879867724393702,"Gado-gado","cluster_0",0.0
-0.7049184499003448,-0.749304616282592,-0.5670128899643897,-0.19104765736108253,"Gadung kukus","cluster_0",0.0
-0.6198322634408042,-0.6312191205747955,-0.5761426413031673,-0.12064730416169989,"Gadung mentah","cluster_0",0.0
-0.7049184499003448,-0.7674716156222531,-0.5670128899643897,-0.19104765736108253,"Gadung ubi kukus","cluster_0",0.0
-0.6263773547069227,-0.7402211166127616,-0.5670128899643897,-0.11146464939656299,"Gadung ubi segar","cluster_0",0.0
-1.1630748385286405,-0.749304616282592,-0.5761426413031673,-0.7052763242087471,"Gambas (Oyong)","cluster_0",0.0
-1.195800294859233,-0.7947221146317446,-0.5396236359480566,-0.7817984472515541,"Gambas lodeh","cluster_0",0.0
-0.835820275222715,-0.7583881159524226,-0.5852723926419451,-0.2798133200907389,"Gandaria","cluster_0",0.0
-0.6263773547069227,-0.749304616282592,-0.5761426413031673,-0.1022819946314261,"Ganyong kukus","cluster_0",0.0
-0.6591028110375152,-0.731137616942931,-0.5852723926419451,-0.13901261369197354,"Ganyong mentah","cluster_0",0.0
-0.6263773547069227,-0.749304616282592,-0.5761426413031673,-0.1022819946314261,"Ganyong rebus","cluster_0",0.0
-0.7769144538276485,-0.7674716156222531,-0.5761426413031673,-0.26756978040388973,"Ganyong segar","cluster_0",0.0
0.9313543666292824,-0.6857201185937785,-0.5304938846092789,1.6577268353531398,"Gaplek","cluster_0",0.0
-0.03077404949013844,-0.41321512849886327,-0.4574558738990576,0.38439870792082786,"Gatep segar","cluster_0",0.0
0.9902601880243489,-0.7038871179334395,-0.5304938846092789,1.734248958395947,"Gatot","cluster_0",0.0
-0.004593684425664406,-0.7856386149619141,-0.43919637122150224,0.5282602992413052,"Geblek","cluster_0",0.0
-0.6591028110375152,-0.6857201185937785,-0.5852723926419451,-0.1451343835353982,"Gembili","cluster_0",0.0
-0.423479525457249,-0.7220541172731005,-0.5761426413031673,0.12728437449699553,"Gembili ubi segar","cluster_0",0.0
0.5124685255976977,-0.6675531192541175,-0.1013955716867284,0.8680185255513694,"Gemblong","cluster_0",0.0
1.3829656639914594,-0.2406286347720836,1.9801877335545803,0.14871056894898152,"Gendar goreng","Noise",0.0
-1.0518082870046257,-0.6675531192541175,-0.5761426413031673,-0.5950844670271046,"Genjer segar","cluster_0",0.0
1.0098954618227045,-0.694803618263609,0.720282048803262,0.809861712038836,"Geplak","cluster_0",0.0
1.7429456836279775,-0.5403841238764904,1.633257182681029,0.9353579938290397,"Geplak jahe","cluster_0",0.0
-0.7900046363598855,-0.07712564071513454,-0.41180711720516927,-0.6471195106962135,"Gete kuah asam masakan","cluster_0",0.0
1.0753463744838896,-0.7038871179334395,-0.010098058298951688,1.4434648908332797,"Getuk goreng","cluster_0",0.0
-0.15905783830606118,-0.4586326268480158,-0.22921209042961582,0.14871056894898152,"Getuk Lindri","cluster_0",0.0
-0.33839333899770835,-0.7220541172731005,-0.557883138625612,0.21298915230493964,"Getuk pisang","cluster_0",0.0
0.054312136969402174,-0.7765551152920835,-0.4665856252378353,0.6200868468926739,"Getuk singkong","cluster_0",0.0
-0.5347460769812636,0.6586378325411367,-0.17443358239694984,-0.8062855266252524,"Ginjal Babi","cluster_0",0.0
-0.5936518983763301,0.6858883315506283,-0.29312034980105955,-0.8001637567818279,"Ginjal Domba","cluster_0",0.0
-0.35802861279606385,0.54055233683334,0.14510771446026866,-0.8032246417035402,"Ginjal Sapi","cluster_0",0.0
-0.9339966442144927,-0.676636618923948,-0.44832612256027987,-0.5614147328882694,"Gudeg","cluster_0",0.0
-0.2336718787398122,-0.5222171245368293,0.24553497918682302,-0.34103101852498463,"Gudeg sayur","cluster_0",0.0
1.2455187474029707,-0.549467623546321,0.31857298989704447,1.4954999345023885,"Gula Kelapa","cluster_0",0.0
1.0491660094194155,-0.7856386149619141,-0.5487533872868343,1.9423891330723826,"Gula Merah Tebu belum dimurnikan","cluster_0",0.0
-0.9405417354806112,0.08637735334181466,-0.5487533872868343,-0.7756766774081296,"Gulai asam keueung masakan","cluster_0",0.0
-0.5871068071102117,0.6768048318807977,-0.29312034980105955,-0.7542504829561436,"Gulai ikan masakan","cluster_0",0.0
-0.31221297393323433,0.08637735334181466,0.30031348721948914,-0.6777283599133364,"Gulai ikan paya masakan","cluster_0",0.0
-0.4562049817878415,-0.4404656275083548,0.2637944818643784,-0.6409977408527889,"Gulai kambing","cluster_0",0.0
-0.5609264420457376,-0.2860461331212361,0.1542374657990463,-0.7328242885041576,"Gulai keumamah masakan","cluster_0",0.0
-0.34493843026382687,-0.4586326268480158,0.4463895086399319,-0.6471195106962135,"Gulai pakis","cluster_0",0.0
-0.12895041848191607,-0.15887713774360906,0.7659308054971504,-0.7328242885041576,"Gulai pliek","cluster_0",0.0
-0.41693443419113047,-0.004457643356490411,0.06293995241126966,-0.5920235821053923,"Gulai tiram masakan","cluster_0",0.0
-0.024228958224019933,0.3316318444272383,0.3277027412358221,-0.4420402209414902,"Gurame asem manis masakan","cluster_0",0.0
0.1459434146950613,-0.7765551152920835,-0.36615836051128087,0.6537565810315091,"Gurandil","cluster_0",0.0
1.2651540212013264,0.7131388305601196,2.6010108245914623,-0.821589951233814,"Ham","cluster_0",0.0
-0.8554555490210706,0.08637735334181466,-0.503104630592946,-0.7236416337390207,"Hangop","cluster_0",0.0
-0.4038442516588934,0.9674768213153739,-0.15617407971939448,-0.7787375623298419,"Hati Babi","cluster_0",0.0
-0.39075406912665644,0.9674768213153739,-0.3022501011398372,-0.6471195106962135,"Hati Sapi","cluster_0",0.0
1.2716991124674448,0.46788433947469593,0.08119945508882502,1.2567509106088302,"Havermout","cluster_0",0.0
-0.449659890521723,-0.7129706176032701,-0.5487533872868343,0.07218844590617432,"Hofa/Ubi hutan segar","cluster_0",0.0
-0.3253031564654713,0.7858068279187638,-0.055746814992840045,-0.6593630503830628,"Ikan asar merah masakan","cluster_0",0.0
-0.5805617158440932,0.6768048318807977,-0.23834184176839351,-0.7848593321732664,"Ikan balong segar","cluster_0",0.0
-0.5478362595135007,0.9947273203248654,-0.47571537657661295,-0.7175198638955962,"Ikan bambangan segar","cluster_0",0.0
0.6564605334523049,0.7313058298997809,1.2589373777911446,-0.4848926098454622,"Ikan bandeng presto masakan","cluster_0",0.0
-0.5543813507796191,0.9402263223058823,-0.5122343819317235,-0.683850129756761,"Ikan banjar segar","cluster_0",0.0
-0.7703693625615299,0.49513483848418754,-0.5396236359480566,-0.7175198638955962,"Ikan baronang segar","cluster_0",0.0
-0.33839333899770835,0.7948903275885943,-0.06487656633161776,-0.6716065900699119,"Ikan baung bakar","cluster_0",0.0
-0.475840255586197,0.5496358365031705,-0.09226582034795076,-0.7297634035824453,"Ikan baung segar","cluster_0",0.0
-0.3776638865944194,0.449717340135035,-0.5304938846092789,-0.6042671217922414,"Ikan Bekasang","cluster_0",0.0
-0.4431147992556045,0.8130573269282553,-0.3205096038173925,-0.610388891635666,"Ikan Belida bakar","cluster_0",0.0
-0.757279180029293,0.5133018378238485,-0.4665856252378353,-0.7634331377212805,"Ikan Belida segar","cluster_0",0.0
1.4484165766526444,1.5306538008448651,1.1767696157421452,0.14871056894898152,"Ikan Belut Segar goreng","cluster_0",0.0
-0.7441889974970559,-0.21337813576259207,-0.503104630592946,-0.4971361495323113,"Ikan Belut Segar mentah","cluster_0",0.0
-0.6918282673681079,0.5314688371635096,-0.36615836051128087,-0.7664940226429927,"Ikan biawan segar","cluster_0",0.0
-0.7049184499003448,0.46788433947469593,-0.5304938846092789,-0.6409977408527889,"Ikan bili segar","cluster_0",0.0
-0.6263773547069227,0.5133018378238485,-0.3752881118500586,-0.6807892448350485,"Ikan bubara segar","cluster_0",0.0
-0.4038442516588934,1.4943198021655433,-0.47571537657661295,-0.6777283599133364,"Ikan bulan-bulan segar","cluster_0",0.0
0.054312136969402174,2.2845842734407977,-0.08313606900917313,-0.7726157924864173,"Ikan cakalang asap mentah","cluster_0",0.0
0.01504158937269112,2.493504765846899,-0.3935476145276139,-0.662423935304775,"Ikan cakalang asin mentah","cluster_0",0.0
-0.4954755293845526,0.20446284904961134,-0.23834184176839351,-0.524684113827722,"Ikan cakalang hati segar","cluster_0",0.0
-0.5216558944490266,0.19537934937978071,-0.4848451279153906,-0.5185623439842973,"Ikan cakalang jantung segar","cluster_0",0.0
-0.7180086324325818,0.10454435268147562,-0.4939748792541682,-0.5644756178099817,"Ikan cakalang perut segar","cluster_0",0.0
-0.5805617158440932,0.9583933216455436,-0.5304938846092789,-0.662423935304775,"Ikan cakalang segar","cluster_0",0.0
-0.7507340887631744,0.2135463487194418,-0.42093686854394696,-0.7144589789738838,"Ikan calo/ peda mentah","cluster_0",0.0
-0.6198322634408042,0.2226298483892723,-0.22008233909083819,-0.6899718996001856,"Ikan daun segar","cluster_0",0.0
0.42738233913815715,2.6388407605641873,-0.38441786318883625,-0.16043880814395967,"Ikan Gabus asap mentah","cluster_0",0.0
0.4666528867348682,1.2763158100896113,1.1767696157421452,-0.8246508361555263,"Ikan gete goreng","cluster_0",0.0
-0.6198322634408042,0.11362785235130626,-0.25660134444594884,-0.6256933162442275,"Ikan hitam segar","cluster_0",0.0
0.669550715984542,3.3836877334902886,-0.2657310957847265,-0.21247385181306855,"Ikan hiu kering","cluster_0",0.0
-0.9078162791500186,0.14996185103062817,-0.5670128899643897,-0.7634331377212805,"Ikan hiu segar","cluster_0",0.0
-0.7769144538276485,0.595053334852323,-0.5122343819317235,-0.7817984472515541,"Ikan kacangan segar","cluster_0",0.0
-0.7441889974970559,0.2135463487194418,-0.4848451279153906,-0.6348759710093643,"Ikan kakatua segar","cluster_0",0.0
-0.41693443419113047,0.7222223302299502,0.01729119571738131,-0.8062855266252524,"Ikan kapar segar","cluster_0",0.0
-0.2205816962075752,2.057496781695035,-0.3387691064949479,-0.821589951233814,"Ikan katombo asin","cluster_0",0.0
-0.5609264420457376,0.32254834475740785,-0.21095258775206047,-0.6654848202264871,"Ikan kawalinya segar","cluster_0",0.0
0.695731081049016,5.600061652928933,-0.42093686854394696,-0.8185290663121016,"Ikan kayu kering","Noise",1.4480713244436985
-0.822730092690478,0.1590453507004588,-0.5304938846092789,-0.6716065900699119,"Ikan kima segar","cluster_0",0.0
-0.31875806519935285,0.7676398285791027,-9.683069601740494E-4,-0.6654848202264871,"Ikan Lais bakar","cluster_0",0.0
-0.7441889974970559,0.8130573269282553,-0.503104630592946,-0.8185290663121016,"Ikan layur segar","cluster_0",0.0
-0.6001969896424487,0.595053334852323,-0.3022501011398372,-0.769554907564705,"Ikan lidah segar","cluster_0",0.0
0.40774706533980165,2.838677753300458,-0.38441786318883625,-0.2522653557953283,"Ikan lomak asin mentah","cluster_0",0.0
-0.6329224459730413,1.0492283183438487,-0.4665856252378353,-0.8032246417035402,"Ikan malalugis segar","cluster_0",0.0
0.08703759329999472,0.5587193361730011,0.43725975730115424,-0.4695881852369007,"Ikan Mas pepes","cluster_0",0.0
-0.6460126285052783,0.8039738272584247,-0.41180711720516927,-0.8185290663121016,"Ikan mayong segar","cluster_0",0.0
2.6330780958200948,5.927067641042831,1.8615009661504707,-0.5491711932014203,"Ikan Mujair dendeng goreng","Noise",2.9232979186253294
2.5283566355621985,5.382057660853,0.7933200595134832,0.3078765848780206,"Ikan Mujair dendeng mentah","Noise",2.0294481801832798
-0.48893043811843406,1.149146814711984,-0.3387691064949479,-0.8062855266252524,"Ikan Mujair pepes","cluster_0",0.0
-0.27294242633652327,0.7040553308902893,-0.13791457704183913,-0.5093796892191605,"Ikan nasu metti segar","cluster_0",0.0
-0.46275007305396004,1.1128128160326622,-0.28399059846228186,-0.7634331377212805,"Ikan oci kembung segar","cluster_0",0.0
-0.2860326088687603,0.7767233282489334,-0.037487312315284765,-0.6256933162442275,"Ikan Papuyu bakar","cluster_0",0.0
-0.4954755293845526,0.47696783914452656,-0.14704432838061676,-0.6899718996001856,"Ikan papuyu/ betok segar","cluster_0",0.0
-0.33839333899770835,0.7676398285791027,-0.01922780963772941,-0.6991545543653224,"Ikan Patin bakar","cluster_0",0.0
-0.41693443419113047,0.7222223302299502,0.00816144437860359,-0.7971028718601156,"Ikan Patin segar","cluster_0",0.0
-0.25985224380428623,1.7214072939113059,-0.22921209042961582,-0.769554907564705,"Ikan peda banjar mentah","cluster_0",0.0
-0.2533071525381677,1.7214072939113059,-0.21095258775206047,-0.7756766774081296,"Ikan Pindang banjar mentah","cluster_0",0.0
1.4353263941204075,4.746212683964865,1.0124340916441474,-0.7420069432692945,"Ikan sale lais mentah","Noise",1.2775430754274948
2.21419225478851,2.829594253630628,2.9935901321589022,-0.6807892448350485,"Ikan Sale segar","Noise",0.6381376897897377
0.5779194382588829,2.275500773770967,0.3094432385582668,-0.3838834074289567,"Ikan saluang kering mentah","cluster_0",0.0
-0.5412911682473821,0.44063384046520454,-0.14704432838061676,-0.726702518660733,"Ikan saluang segar","cluster_0",0.0
0.2899354225496685,1.149146814711984,0.10858870910515803,-0.1971694272045071,"Ikan sanggang masakan","cluster_0",0.0
-0.5674715333118562,0.9856438206550349,-0.4300666198827246,-0.726702518660733,"Ikan sarden segar","cluster_0",0.0
-0.7310988149648189,0.5587193361730011,-0.5396236359480566,-0.6869110146784733,"Ikan sepat segar","cluster_0",0.0
-0.7507340887631744,0.2135463487194418,-0.42093686854394696,-0.7144589789738838,"Ikan sidat segar","cluster_0",0.0
0.021586680638809627,2.275500773770967,-0.24747159310717118,-0.6134497765573784,"Ikan sunu asin mentah","cluster_0",0.0
-0.5543813507796191,0.3861328424462215,-0.28399059846228186,-0.6256933162442275,"Ikan sunu segar","cluster_0",0.0
-0.7049184499003448,0.6223038338618146,-0.5122343819317235,-0.7052763242087471,"Ikan tahuman segar","cluster_0",0.0
-0.6525577197713968,0.9493098219757129,-0.4939748792541682,-0.769554907564705,"Ikan tarmon segar","cluster_0",0.0
-0.6591028110375152,0.6132203341919842,-0.5304938846092789,-0.631815086087652,"Ikan telan segar","cluster_0",0.0
1.0622561919516524,1.058311818013679,1.8158522094565823,-0.5430494233579957,"Ikan telur asin mentah","cluster_0",0.0
-0.6198322634408042,0.5496358365031705,-0.22008233909083819,-0.8001637567818279,"Ikan tempahas segar","cluster_0",0.0
0.7873623587746752,4.637210687926899,-9.683069601740494E-4,-0.1451343835353982,"Ikan tepung mentah","Noise",0.3991244025779224
-0.6394675372391597,0.9583933216455436,-0.43919637122150224,-0.8001637567818279,"Ikan terbang segar","cluster_0",0.0
0.5321037993960533,4.628127188257069,-0.38441786318883625,-0.7756766774081296,"Ikan Teri bubuk","Noise",0.8014319412583807
-0.796549727626004,0.11362785235130626,-0.4665856252378353,-0.7052763242087471,"Ikan teri segar","cluster_0",0.0
0.9902601880243489,3.6107752252360514,-0.010098058298951688,-0.2308391613433422,"Ikan Teri tepung","cluster_0",0.0
-0.7441889974970559,0.7585563289092722,-0.557883138625612,-0.7603722527995681,"Ikan titang segar","cluster_0",0.0
-0.6263773547069227,0.4224668411255434,-0.4574558738990576,-0.5859018122619677,"Ikan tongkol segar","cluster_0",0.0
-0.6525577197713968,0.9220593229662214,-0.41180711720516927,-0.8246508361555263,"Ikan turi segar","cluster_0",0.0
1.8214867788213995,-0.13162663873411756,1.3776241451952544,1.076158700227805,"Intip goreng","cluster_0",0.0
1.9654787866760066,1.930327786317408,2.4640645545097972,-0.26756978040388973,"Itik alabio daging dendeng mentah","cluster_0",0.0
-0.25985224380428623,-0.5767181225558125,-0.47571537657661295,0.1885020729312412,"Jagung grontol","cluster_0",0.0
1.081891465750008,-0.031708142365981996,-0.18356333373572747,1.3853080773207465,"Jagung Kuning giling","cluster_0",0.0
-0.43656970798948597,-0.44954912717818535,-0.47571537657661295,0.09667552527987265,"Jagung Kuning muda","cluster_0",0.0
0.7284565373796086,-0.10437613972462596,-0.28399059846228186,1.1159502042100646,"Jagung Kuning pipil baru","cluster_0",0.0
1.1146169220806006,0.06821035400215372,0.0720697037500473,1.2842988749042406,"Jagung kuning pipil kering mentah","cluster_0",0.0
1.042620918153297,0.013709355983170541,-0.23834184176839351,1.425099581303006,"Jagung Kuning pipil lama","cluster_0",0.0
-0.27294242633652327,-0.47679962618767685,-0.27486084712350417,0.0385187117673391,"Jagung kuning pipil rebus","cluster_0",0.0
-0.36457370406218237,-0.39504812915920223,-0.47571537657661295,0.18238030308781675,"Jagung Kuning segar","cluster_0",0.0
1.042620918153297,0.013709355983170541,-0.23834184176839351,1.425099581303006,"Jagung kuning tepung","cluster_0",0.0
-1.0518082870046257,-0.622135620904965,-0.5852723926419451,-0.6042671217922414,"Jagung muda","cluster_0",0.0
-0.31875806519935285,-0.35871413047988027,-0.5304938846092789,0.13340614434042009,"Jagung muda kuning mentah","cluster_0",0.0
-0.3514835215299454,-0.36779763014971073,-0.5304938846092789,0.09667552527987265,"Jagung muda rebus","cluster_0",0.0
1.121162013346719,-0.2587956341117446,-0.1287848257030615,1.5016217043458133,"Jagung pipil var. harapan kering","cluster_0",0.0
1.1277071046128375,-0.3223801318005582,-0.17443358239694984,1.5567176329366343,"Jagung pipil var. metro kering","cluster_0",0.0
1.081891465750008,-0.031708142365981996,-0.18356333373572747,1.3853080773207465,"Jagung Putih giling","cluster_0",0.0
-0.43656970798948597,-0.44954912717818535,-0.47571537657661295,0.09667552527987265,"Jagung Putih muda","cluster_0",0.0
0.7284565373796086,-0.10437613972462596,-0.28399059846228186,1.1159502042100646,"Jagung Putih pipil baru","cluster_0",0.0
1.042620918153297,0.013709355983170541,-0.23834184176839351,1.425099581303006,"Jagung Putih pipil lama","cluster_0",0.0
-0.36457370406218237,-0.39504812915920223,-0.47571537657661295,0.18238030308781675,"Jagung Putih segar","cluster_0",0.0
-0.1354955097480346,-0.658469619584287,-0.4300666198827246,0.24053711660035018,"Jagung Rebus","cluster_0",0.0
-0.3063223917937276,0.12271135202113673,0.3550919952521552,-0.21553473673478077,"Jagung Sayur (tumis)","cluster_0",0.0
1.1669776522095487,0.03187635532283165,-0.3935476145276139,1.5903873670754693,"Jagung titi","cluster_0",0.0
-0.9470868267467296,-0.6857201185937785,-0.503104630592946,-0.5216232289060098,"Jahe","cluster_0",0.0
0.6106448945894755,0.17721235004011976,-0.22921209042961582,1.0363671962455454,"Jali","cluster_0",0.0
0.28339033128354996,-0.7765551152920835,-0.5396236359480566,1.1434981685054755,"Jam selai","cluster_0",0.0
0.5910096207911198,3.58352472622656,0.24553497918682302,-0.7603722527995681,"Jambal goreng","Noise",0.0
-0.9601770092789667,-0.7402211166127616,-0.5670128899643897,-0.4573446455500516,"Jambu Biji","cluster_0",0.0
-0.8816359140855445,-0.7402211166127616,-0.5670128899643897,-0.35939632805525834,"Jambu biji putih tidak berbiji","cluster_0",0.0
-0.9143613704161371,-0.7674716156222531,-0.5670128899643897,-0.39612694711580587,"Jambu Bol","cluster_0",0.0
-0.862000640287189,-0.7583881159524226,-0.5396236359480566,-0.3471527883684092,"Jambu Monyet buah","cluster_0",0.0
1.0098954618227045,-0.2587956341117446,-0.4665856252378353,1.562839402780059,"Jampang huma mentah","cluster_0",0.0
0.6564605334523049,0.03187635532283165,-0.4939748792541682,1.0669760454626682,"Jamur encik","cluster_0",0.0
0.643370350920068,0.6313873335316451,-0.5122343819317235,1.1465590534271874,"Jamur kuping kering","cluster_0",0.0
-1.1434395647302849,-0.47679962618767685,-0.5396236359480566,-0.8032246417035402,"Jamur kuping segar","cluster_0",0.0
-1.0845337433352182,-0.5040501251971684,-0.5761426413031673,-0.7083372091304593,"Jamur merang segar","cluster_0",0.0
-0.9667221005450852,-0.5676346228859819,-0.22008233909083819,-0.7420069432692945,"Jamur Putih (kulat putih)","cluster_0",0.0
-0.9667221005450852,-0.6493861199144565,-0.3022501011398372,-0.7450678281910067,"Jamur sagu","cluster_0",0.0
-1.0845337433352182,-0.6493861199144565,-0.5852723926419451,-0.662423935304775,"Jamur tiram segar","cluster_0",0.0
-0.5805617158440932,-0.34054713114021923,-0.3935476145276139,-0.32572659391642317,"Jangang bintatoeng masakan","cluster_0",0.0
-1.0779886520690998,-0.7129706176032701,-0.5670128899643897,-0.6134497765573784,"Jantung Pisang segar","cluster_0",0.0
1.9916591517404807,-0.7129706176032701,1.6971654420524729,1.2292029463134193,"Japilus","cluster_0",0.0
0.9051740015648083,0.05912685433232308,-0.27486084712350417,1.4159169265378693,"Jawawut","cluster_0",0.0
1.2173748549586612,0.04095985499266213,0.27292423320315606,1.183289672487735,"Jenang","cluster_0",0.0
-0.024228958224019933,-0.33146363147038865,-0.5670128899643897,0.41500755713795073,"Jengkol segar","cluster_0",0.0
-0.9667221005450852,-0.7674716156222531,-0.5761426413031673,-0.451222875706627,"Jeruk Bali","cluster_0",0.0
-0.8816359140855445,-0.749304616282592,-0.5761426413031673,-0.3991878320375181,"Jeruk banjar segar","cluster_0",0.0
-0.9929024656095592,-0.749304616282592,-0.5670128899643897,-0.4971361495323113,"Jeruk Garut","cluster_0",0.0
-1.0256279219401518,-0.7947221146317446,-0.5670128899643897,-0.5583538479665571,"Jeruk Kalamansi segar","cluster_0",0.0
-0.9863573743434407,-0.7402211166127616,-0.5761426413031673,-0.48795349476717453,"Jeruk Manis","cluster_0",0.0
-1.0387181044723888,-0.749304616282592,-0.5852723926419451,-0.4542837606283393,"Jeruk Nipis","cluster_0",0.0
-0.9601770092789667,-0.7583881159524226,-0.5761426413031673,-0.49101437968888684,"Jeruk ragi segar","cluster_0",0.0
-1.0714435608029813,-0.6493861199144565,-0.5670128899643897,-0.6134497765573784,"Jotang","cluster_0",0.0
-1.182710112326996,0.5587193361730011,-0.20182283641328283,-0.5614147328882694,"Jukku pallu kaloa masakan","cluster_0",0.0
-0.43002461672336745,-0.21337813576259207,-0.5670128899643897,-0.059429605727454114,"Kabau segar","cluster_0",0.0
-0.41038934292501195,-0.731137616942931,-0.5761426413031673,0.1548323387924062,"Kaburan ubi segar","cluster_0",0.0
0.35538633521085355,-0.5858016222256429,-0.36615836051128087,0.2527806562871993,"Kabuto","cluster_0",0.0
1.0491660094194155,1.040144818674018,-0.22008233909083819,1.0547325057758188,"Kacang Andong","cluster_0",0.0
0.8789936365003342,1.3399003077784248,-0.4665856252378353,1.0118801168718472,"Kacang Arab","cluster_0",0.0
2.2076471635223913,1.7032402945716454,2.88403311609357,0.05076225145418832,"Kacang atom","cluster_0",0.0
0.9509896404276379,1.939411285987238,-0.3022501011398372,0.7394613588394532,"Kacang babi kering","cluster_0",0.0
1.33715002512863,2.3027512727804584,0.9485258322727035,0.21298915230493964,"Kacang belimbing (kecipir) kering","cluster_0",0.0
0.054312136969402174,0.7131388305601196,0.20901597383171244,-0.2951177446993003,"Kacang Belimbing rebus","cluster_0",0.0
0.10667286709835024,0.7676398285791027,0.31857298989704447,-0.4359184510980656,"Kacang Belimbing tempe","cluster_0",0.0
-0.5085657119167896,-0.42229862816869373,-0.4574558738990576,-0.16962146290909644,"Kacang beracun segar","cluster_0",0.0
1.854212235151992,0.3316318444272383,1.5237001666156968,0.9720886128895871,"Kacang Bogor goreng","cluster_0",0.0
1.1407972871450747,0.6313873335316451,-0.0466170636540624,1.1588025931140369,"Kacang bogor kering","cluster_0",0.0
-0.2271267874736937,-0.122543139064287,-0.3387691064949479,-0.0012727922149205634,"Kacang Bogor rebus","cluster_0",0.0
-0.20094642240921967,-0.122543139064287,-0.3113798524786149,0.007909862550216215,"Kacang bogor segar","cluster_0",0.0
0.8855387277664528,1.4489023038163908,-0.503104630592946,0.9445406485941765,"Kacang Endel biji","cluster_0",0.0
-0.43656970798948597,0.3043813454177469,-0.5304938846092789,-0.270630665325602,"Kacang ercis segar","cluster_0",0.0
0.9182641840970454,1.2763158100896113,-0.43919637122150224,0.990453922419861,"kacang galing segar","cluster_0",0.0
2.0963806119983768,0.5133018378238485,2.244950522379133,0.5282602992413052,"Kacang goyang","cluster_0",0.0
0.9182641840970454,1.058311818013679,-0.4665856252378353,1.0669760454626682,"Kacang Gude biji","cluster_0",0.0
0.7873623587746752,1.058311818013679,-0.503104630592946,0.9445406485941765,"Kacang gude biji kering","cluster_0",0.0
-0.5347460769812636,-0.18612763675310057,-0.5396236359480566,-0.19410854228279475,"Kacang Gude biji muda","cluster_0",0.0
-0.475840255586197,-0.05895864137547343,-0.5396236359480566,-0.7756766774081296,"Kacang Gude muda","cluster_0",0.0
-0.31875806519935285,-0.004457643356490411,-0.5487533872868343,0.010970747471928548,"Kacang gude rebus","cluster_0",0.0
0.8331779976375047,1.25814881074995,-0.4574558738990576,0.907810029533629,"Kacang hijau kering","cluster_0",0.0
-0.5674715333118562,-0.031708142365981996,-0.5487533872868343,-0.270630665325602,"kacang hijau rebus","cluster_0",0.0
1.0098954618227045,0.7313058298997809,-0.4300666198827246,1.3332730336516374,"Kacang hijau var. bakti kering","cluster_0",0.0
0.9378994578954009,1.0673953176835096,-0.4026773658663915,1.1465590534271874,"Kacang hijau var. siwalik kering","cluster_0",0.0
0.9837150967582304,0.6858883315506283,-0.43919637122150224,1.1924723272528719,"Kacang hitam kering","cluster_0",0.0
0.9771700054921119,1.1945643130611365,-0.4848451279153906,1.0945240097580786,"Kacang Ijo","cluster_0",0.0
1.6316791321039628,0.17721235004011976,0.40987050328482116,1.1741070177225983,"Kacang Kapri Goreng","cluster_0",0.0
-0.6394675372391597,-0.21337813576259207,-0.557883138625612,-0.28899597485587575,"Kacang Kapri muda","cluster_0",0.0
0.5910096207911198,1.9212442866475774,0.829839064868594,0.0905537554364481,"Kacang Kedelai basah","cluster_0",0.0
2.1291060683289693,2.1029142800441876,2.8475141107384596,-0.12982995892683677,"Kacang kedelai goreng","cluster_0",0.0
1.2127932910723782,2.847761252970289,0.9302663295951482,-0.068612260492591,"Kacang kedelai kering","cluster_0",0.0
-0.7900046363598855,-0.44954912717818535,-0.4026773658663915,-0.5032579193757359,"Kacang Kedelai kukus","cluster_0",0.0
-0.04386423202237546,1.0128943196645264,0.1542374657990463,-0.4420402209414902,"Kacang kedelai rebus","cluster_0",0.0
0.5910096207911198,1.9212442866475774,0.829839064868594,0.0905537554364481,"Kacang kedelai segar","cluster_0",0.0
0.8593583627019787,0.6677213322109671,-0.20182283641328283,0.8772011803165061,"Kacang komak segar","cluster_0",0.0
1.042620918153297,0.7222223302299502,-0.36615836051128087,1.1894114423311597,"Kacang kuning kering","cluster_0",0.0
0.9837150967582304,0.6768048318807977,-0.4574558738990576,1.2077767518614333,"Kacang lebui /iris kering","cluster_0",0.0
-1.1368944734641664,-0.7220541172731005,-0.503104630592946,-0.726702518660733,"Kacang mekah polong segar","cluster_0",0.0
0.9706249142259934,0.6949718312204587,-0.4026773658663915,1.1465590534271874,"Kacang mentega kering","cluster_0",0.0
0.9182641840970454,1.2763158100896113,-0.43919637122150224,0.990453922419861,"Kacang Merah","cluster_0",0.0
1.0098954618227045,0.44063384046520454,-0.3205096038173925,1.2169594066265705,"Kacang merah /banda kering","cluster_0",0.0
0.7742721762424382,1.1854808133913062,-0.4939748792541682,0.8894447200033554,"Kacang merah kering","cluster_0",0.0
-0.24676206127204922,0.11362785235130626,-0.5122343819317235,0.03239694192391455,"Kacang Merah kering rebus","cluster_0",0.0
-0.1616758748125086,0.17721235004011976,-0.3935476145276139,0.02627517208048999,"Kacang merah segar","cluster_0",0.0
-0.33839333899770835,0.08637735334181466,-0.503104630592946,-0.07473403033601556,"Kacang Merah segar rebus","cluster_0",0.0
0.5517390731944088,0.6949718312204587,-0.44832612256027987,1.1037066645232159,"Kacang merah tua kering","cluster_0",0.0
2.8359759250697683,1.0310613190041873,4.5456478597511065,-0.22471739149991765,"Kacang mete/biji jambu monyet goreng","Noise",0.0
2.7508897386102276,0.6586378325411367,3.82439750398767,0.04770136653247599,"Kacang mete/biji jambu monyet segar","Noise",0.0
1.8607573264181105,0.8493913256075772,1.1493803617258125,0.959845073202738,"Kacang negara","cluster_0",0.0
-0.9929024656095592,-0.5767181225558125,-0.5670128899643897,-0.5920235821053923,"Kacang Panjang","cluster_0",0.0
1.055711100685534,0.7494728292394418,-0.4574558738990576,1.3118468391996514,"Kacang Panjang biji","cluster_0",0.0
-1.0256279219401518,-0.549467623546321,-0.5396236359480566,-0.5981453519488169,"Kacang Panjang kukus","cluster_0",0.0
-0.2991227914009973,-0.5948851218954734,0.5468167733664863,-0.6165106614790906,"Kacang Panjang tumis","cluster_0",0.0
-1.0387181044723888,-0.5403841238764904,-0.5761426413031673,-0.58896269718368,"Kacang ranti polong","cluster_0",0.0
1.8869376914825846,-0.022624642696151363,1.7884629554402496,0.9353579938290397,"Kacang sukro","cluster_0",0.0
1.9131180565470587,1.5034033018353739,1.7428141987463612,0.9935148073415732,"Kacang Sukro Putih","Noise",0.0
2.2207373460546287,1.7032402945716454,2.88403311609357,0.05076225145418832,"Kacang Tanah atom","cluster_0",0.0
2.4105449927720652,1.4943198021655433,3.4592074504365633,-0.050246950962317224,"Kacang tanah goreng","cluster_0",0.0
2.1552864333934436,1.7123237942414753,3.3040016776773435,-0.29817862962101266,"Kacang tanah kering","cluster_0",0.0
1.2389736561368523,0.449717340135035,2.2358207710403555,-0.4328575661763533,"Kacang Tanah Rebus","cluster_0",0.0
1.0753463744838896,0.40429984178588246,2.2540802737179106,-0.43897933601977784,"Kacang Tanah rebus berkulit","cluster_0",0.0
2.076745338200021,0.7676398285791027,2.3727670411220205,0.5251994143195929,"Kacang Tanah rempeyek","cluster_0",0.0
2.443270449102658,1.7940752912699505,3.82439750398767,-0.3471527883684092,"Kacang Tanah sangan berselaput","cluster_0",0.0
2.3778195364414727,1.6214887975431702,3.4409479477590086,-0.10840376447485066,"Kacang tanah sangan tanpa selaput","cluster_0",0.0
3.6148417857378705,1.0673953176835096,1.304586134485033,2.9892117762979855,"Kacang Telur","Noise",2.694590291852047
0.8855387277664528,1.3944013057974076,-0.42093686854394696,0.9016882596902046,"Kacang tolo / tunggak kering","cluster_0",0.0
-0.3776638865944194,0.14996185103062817,-0.4939748792541682,-0.13901261369197354,"Kacang tolo rebus","cluster_0",0.0
0.9575347316937564,1.25814881074995,-0.4665856252378353,1.0547325057758188,"Kacang Tunggak (tolo)","cluster_0",0.0
-0.3776638865944194,0.14996185103062817,-0.4939748792541682,-0.13901261369197354,"Kacang Tunggak rebus","cluster_0",0.0
1.6709496797006738,0.19537934937978071,1.2498076264523668,0.9965756922632857,"Kacang Tunggak rempeyek","cluster_0",0.0
1.016440553088823,0.28621434607808577,-0.4848451279153906,1.4006125019293079,"Kacang tunis kering","cluster_0",0.0
1.0622561919516524,1.3035663090991025,-0.3752881118500586,1.024123656558696,"Kacang uci kering","cluster_0",0.0
1.0360758268871786,0.34071534409706894,-0.4300666198827246,1.2904206447476652,"Kacang urei kering","cluster_0",0.0
-0.5609264420457376,-0.41321512849886327,0.035550698394936665,-0.6134497765573784,"Kadada katembe","cluster_0",0.0
1.4222362115881706,1.7849917916001197,1.2132886210972562,0.0813711006713112,"Kaholeo masakan","cluster_0",0.0
-0.848910457754952,-0.5676346228859819,0.02642094705615895,-0.726702518660733,"Kalakai","cluster_0",0.0
-0.21403660494145668,0.6768048318807977,0.22727547650926772,-0.7052763242087471,"Kalio jeroan masakan","cluster_0",0.0
-0.48238534685231554,0.431550340795374,-0.07400631767039541,-0.7113980940521716,"Kalio kikil (tunjang) masakan","cluster_0",0.0
-0.2533071525381677,-0.08620914038496502,0.20901597383171244,-0.48183172492374987,"Kalio otak masakan","cluster_0",0.0
-0.017683866957901424,0.14087835136079768,0.5376870220277086,-0.5338667685928589,"Kalio telur masakan","cluster_0",0.0
-0.20749151367533816,-0.549467623546321,-0.3752881118500586,0.1670758784792553,"Kambose","cluster_0",0.0
-1.091078834601337,-0.549467623546321,-0.5670128899643897,-0.6654848202264871,"Kangkung","cluster_0",0.0
-1.0845337433352182,-0.5313006242066599,-0.5304938846092789,-0.6869110146784733,"Kangkung kukus","cluster_0",0.0
-1.1368944734641664,-0.5948851218954734,-0.5396236359480566,-0.7358851734258698,"Kangkung rebus","cluster_0",0.0
-0.9994475568756778,-0.658469619584287,-0.5761426413031673,-0.5736582725751185,"Kangkung tondano","cluster_0",0.0
-0.9405417354806112,-0.658469619584287,-0.2657310957847265,-0.7389460583475822,"Kangkung tumis","cluster_0",0.0
-1.0321730132062703,-0.603968621565304,-0.41180711720516927,-0.7511895980344313,"Kaparende sayur","cluster_0",0.0
-1.0059926481417962,-0.5222171245368293,-0.5761426413031673,-0.5369276535145712,"Kapri Muda","cluster_0",0.0
-1.0125377394079147,-0.6403026202446259,-0.5670128899643897,-0.5920235821053923,"Kapurung","cluster_0",0.0
-0.24676206127204922,-0.42229862816869373,-0.3022501011398372,0.020153402237065434,"Kapusa","cluster_0",0.0
-1.1172591996658108,-0.6130521212351344,-0.5761426413031673,-0.7236416337390207,"Karawila","cluster_0",0.0
-0.3207215925791885,-0.2860461331212361,-0.055746814992840045,-0.22777827642162998,"Karedok","cluster_0",0.0
-0.6787380848358708,-0.622135620904965,-0.29312034980105955,-0.3991878320375181,"Karedok sayur","cluster_0",0.0
0.630280168387831,0.19537934937978071,0.42813000596237644,-0.7450678281910067,"Karoket","cluster_0",0.0
0.5190136168638163,0.32254834475740785,0.7568010541583726,0.8404705612559588,"Katul Beras","cluster_0",0.0
1.0491660094194155,-0.004457643356490411,0.18162671981537937,1.1434981685054755,"Katul Jagung","cluster_0",0.0
-0.4954755293845526,-0.5040501251971684,-0.36615836051128087,-0.19410854228279475,"Kawista segar","cluster_0",0.0
-0.9798122830773222,-0.30421313246089715,-0.47571537657661295,-0.5552929630448449,"Kecap","cluster_0",0.0
1.7560358661602145,-0.7129706176032701,1.1037316050319241,1.40367338685102,"Kecimpring singkong goreng","cluster_0",0.0
1.3698754814592224,2.15741527806317,0.9576555836114813,0.28645039042603454,"Kecipir biji","cluster_0",0.0
-1.0518082870046257,-0.5585511232161514,-0.5761426413031673,-0.8062855266252524,"Kecipir buah muda","cluster_0",0.0
-1.0714435608029813,-0.5585511232161514,-0.5761426413031673,-0.653241280539638,"Kecipir muda segar","cluster_0",0.0
-1.0583533782707444,-0.7402211166127616,-0.503104630592946,-0.6256933162442275,"Kecombrang segar","cluster_0",0.0
-0.9732671918112037,-0.7765551152920835,-0.5761426413031673,-0.5124405741408727,"Kedondong segar","cluster_0",0.0
0.8528132714358603,1.2490653110801198,1.2589373777911446,-0.429796681254641,"Keju","cluster_0",0.0
2.5807173656911466,1.6305722972130008,3.8791760120203365,-0.19104765736108253,"Keju Kacang Tanah","cluster_0",0.0
2.7967053774730575,-0.6403026202446259,4.162198303522445,0.28645039042603454,"Kelapa hutan kering","Noise",1.3639852818942553
-1.169619929794759,-0.8038056143015752,-0.5852723926419451,-0.7144589789738838,"Kelapa Muda air","cluster_0",0.0
-0.835820275222715,-0.731137616942931,-0.5122343819317235,-0.4022487169592304,"Kelapa Muda daging","cluster_0",0.0
-0.10277005341744204,-0.4586326268480158,0.7750605568359279,-0.524684113827722,"Kelapa Setengah Tua daging","cluster_0",0.0
1.0688012832177711,-0.5131336248669989,2.5736215705751295,-0.4022487169592304,"Kelapa Tua daging","Noise",0.0
0.11976304963058726,-0.33146363147038865,-0.1013955716867284,0.39970313252938927,"Kelepon","cluster_0",0.0
-0.5543813507796191,-0.6857201185937785,-0.5670128899643897,0.00178809270679166,"Kelewih","cluster_0",0.0
-0.9667221005450852,-0.731137616942931,-0.5761426413031673,-0.46652730031518846,"Kemang","cluster_0",0.0
1.2062481998062597,3.6198587249058822,0.665503540770596,-0.11758641923998756,"Kembang tahu","Noise",0.0
-0.9929024656095592,-0.658469619584287,-0.5396236359480566,-0.5369276535145712,"Kembang Turi","cluster_0",0.0
2.8817915639325977,0.9038923236265604,5.157341199449211,-0.5859018122619677,"Kemiri","Noise",0.723114066923056
3.0192384805210866,0.54055233683334,5.431233739612541,-0.4328575661763533,"Kenari","Noise",1.049651803573507
2.7508897386102276,0.44063384046520454,4.536518108412329,-0.4114313717243673,"Kenari banda kering","Noise",0.625131769558141
-0.7376439062309373,-0.6403026202446259,-0.5852723926419451,-0.24614358595190364,"Kentang","cluster_0",0.0
-0.3514835215299454,-0.7402211166127616,-0.557883138625612,0.2007456126180905,"Kentang Hitam","cluster_0",0.0
-0.862000640287189,0.26804734673842484,-0.503104630592946,-0.769554907564705,"Keong","cluster_0",0.0
-0.29257770013487877,0.431550340795374,-0.24747159310717118,-0.3991878320375181,"Kepiting","cluster_0",0.0
-0.8947260966177816,0.8130573269282553,-0.4939748792541682,-0.7205807488173084,"Kerang","cluster_0",0.0
1.2913343862658002,2.7115087579228314,0.6198547840767077,0.06912756098446199,"Kerang asap mentah","cluster_0",0.0
1.055711100685534,2.9113457506591027,0.31857298989704447,-0.04718606604060489,"Kerang dendeng mentah","cluster_0",0.0
1.828031870087518,-0.676636618923948,1.7336844474075834,1.1404372835837633,"Keremes","cluster_0",0.0
-0.3842089778605379,-0.7038871179334395,-0.4939748792541682,0.0813711006713112,"Keribang ubi segar","cluster_0",0.0
2.5545370006266723,-0.3768811298195412,3.112276899563012,0.7057916247006182,"Keripik bayam","Noise",0.8129983567646782
1.6382242233700812,-0.5676346228859819,0.7294118001420397,1.4954999345023885,"Keripik gadung","cluster_0",0.0
1.6513144059023184,-0.5767181225558125,1.1219911077094795,1.2230811764699947,"Keripik kentang","cluster_0",0.0
1.893482782748703,-0.6675531192541175,1.4324026532279202,1.3026641844345146,"Keripik lampung","cluster_0",0.0
2.6330780958200948,-0.0680421410453039,3.4044289424038974,0.47316437065048417,"Keripik oncom","Noise",0.948333131225712
1.8476671438858736,-0.7402211166127616,1.295456383146255,1.373064537633897,"Keripik singkong","cluster_0",0.0
1.867302417684229,-0.622135620904965,1.2041588697584784,1.4220386963812934,"Keripik singkong berbumbu","cluster_0",0.0
2.52181154429608,0.2771308464082553,3.112276899563012,0.4456164063550736,"Keripik tempe","Noise",0.6171091631870218
2.266552984917458,2.838677753300458,3.27661242366101,-0.4757099550803253,"Keripik tempe abadi murni","Noise",0.9015820039435273
2.057110064401666,0.2952978457479164,1.9527984795382474,0.7731310929782883,"Keripik tempe abadi sedang","cluster_0",0.0
2.1814667984579175,1.0673953176835096,2.299729030411799,0.39970313252938927,"Keripik tempe abadi telur","cluster_0",0.0
1.9000278740148215,-0.8038056143015752,1.5876084259871406,1.238385601078556,"Keripik ubi","cluster_0",0.0
-1.1107141083996923,-0.6675531192541175,-0.557883138625612,-0.7144589789738838,"Kerokot segar","cluster_0",0.0
1.0098954618227045,-0.7765551152920835,-0.5761426413031673,1.7985275417519053,"Kerupuk Aci","cluster_0",0.0
1.6251340408378443,-0.19521113642293106,0.7385415514808173,1.351638343181911,"Kerupuk cumi goreng","cluster_0",0.0
0.9575347316937564,0.6313873335316451,-0.557883138625612,1.1771679026443105,"Kerupuk Ikan berpati","cluster_0",0.0
0.8462681801697417,-0.658469619584287,-0.557883138625612,1.5720220575451958,"Kerupuk kemplang  (ikan) mentah","cluster_0",0.0
2.0178395168049548,-0.3132966321307277,1.971057982215803,0.916992684298766,"Kerupuk kemplang goreng","cluster_0",0.0
1.0491660094194155,0.05912685433232308,-0.4939748792541682,1.5230478987977993,"Kerupuk kemplang panggang","cluster_0",0.0
0.9771700054921119,0.26804734673842484,-0.4574558738990576,1.3577601130253356,"Kerupuk Melinjo mentah","cluster_0",0.0
1.5400478543783036,0.18629584970995022,0.8846175729012599,1.097584894679791,"Kerupuk Melinjo tebal goreng asin","cluster_0",0.0
1.5924085845072518,0.08637735334181466,0.9028770755788151,1.180228787566023,"Kerupuk Melinjo tebal goreng manis","cluster_0",0.0
1.893482782748703,0.2226298483892723,1.6423869340198067,0.9782103827330118,"Kerupuk Melinjo tipis goreng","cluster_0",0.0
1.8345769613536365,-0.8128891139714056,1.3319753885013659,1.351638343181911,"Kerupuk mie kuning goreng","cluster_0",0.0
-0.9752307191910393,0.7494728292394418,0.9850448376278144,1.6577268353531398,"Kerupuk Sayong","Noise",1.4149867486994845
0.9444445491615193,1.903077287307916,2.144523257652579,0.7608875532914392,"Kerupuk Udang","Noise",1.029192601316691
1.0688012832177711,0.7403893295696112,5.632088269065649,9.331365334085847,"Kerupuk Udang berpati","Noise",9.093434861638704
1.8411220526197551,-0.39504812915920223,1.2771968804686997,1.265933565373967,"Kerupuk udang goreng","cluster_0",0.0
2.5676271831589097,4.055866709057747,3.139666153579345,-0.7940419869384033,"Kerupuk urat","Noise",1.7023001067582901
-0.7703693625615299,-0.749304616282592,-0.557883138625612,-0.2185956216564931,"Kesemek","cluster_0",0.0
-0.09622496215132353,-0.4586326268480158,-0.4848451279153906,0.31093746979973275,"Ketan hitam matang","cluster_0",0.0
-0.21403660494145668,-0.549467623546321,-0.557883138625612,0.2619633110523363,"Ketan putih matang","cluster_0",0.0
0.9444445491615193,0.17721235004011976,0.40987050328482116,0.822105251725685,"Ketapang","cluster_0",0.0
-0.2533071525381677,-0.749304616282592,-0.5670128899643897,0.3293027793300065,"Ketela Pohon Kuning","cluster_0",0.0
-0.27294242633652327,-0.731137616942931,-0.5670128899643897,0.2956330451911713,"Ketela singkong segar","cluster_0",0.0
-0.2794875176026418,-0.7129706176032701,-0.5670128899643897,0.2833895055043222,"Ketela pohon/singkong kukus","cluster_0",0.0
-1.2023453861253515,-0.7583881159524226,-0.5852723926419451,-0.748128713112719,"Ketimun","cluster_0",0.0
-1.221980659923707,-0.7765551152920835,-0.5852723926419451,-0.7726157924864173,"Ketimun madura segar","cluster_0",0.0
-0.2794875176026418,-0.10437613972462596,0.10858870910515803,-0.4328575661763533,"Ketoprak","cluster_0",0.0
1.363330390193104,0.45880083980486547,0.8754878215624824,0.8282270215691097,"Ketumbar","cluster_0",0.0
0.10667286709835024,-0.4586326268480158,-0.17443358239694984,0.35072897378199264,"Ketupat ketan","cluster_0",0.0
-0.563544478552185,-0.5858016222256429,-0.35702860917250323,-0.26144801056046507,"Ketupat Tahu","cluster_0",0.0
0.7480918111779641,0.08637735334181466,1.5967381773259184,-0.41755314156779183,"Kluwek","cluster_0",0.0
-0.7180086324325818,-0.676636618923948,-0.5761426413031673,-0.4328575661763533,"Kokosan","cluster_0",0.0
-0.6329224459730413,-0.5222171245368293,-0.5852723926419451,-0.18186500259594565,"Komak polong segar","cluster_0",0.0
-1.1172591996658108,-0.603968621565304,-0.5761426413031673,-0.6807892448350485,"Kool Kembang","cluster_0",0.0
-1.1238042909319295,-0.694803618263609,-0.5761426413031673,-0.6685457051481994,"Kool Merah kool putih","cluster_0",0.0
1.0491660094194155,1.040144818674018,-0.22008233909083819,1.0547325057758188,"Koro andong kering","cluster_0",0.0
0.8920838190325713,1.3580673071180858,-0.3205096038173925,0.8527141009428079,"Koro Benguk biji","cluster_0",0.0
-0.35802861279606385,0.10454435268147562,-0.47571537657661295,-0.12064730416169989,"Koro Benguk tempe","cluster_0",0.0
-0.46275007305396004,-0.0680421410453039,-0.5304938846092789,-0.154317038300535,"Koro Kerupuk biji","cluster_0",0.0
-1.0648984695368628,-0.5767181225558125,-0.5761426413031673,-0.58896269718368,"Koro Loke biji","cluster_0",0.0
0.9706249142259934,0.3134648450875774,-0.4026773658663915,1.2934815296693778,"Koro Roway biji","cluster_0",0.0
0.9313543666292824,1.1945643130611365,-0.4574558738990576,1.0363671962455454,"Koro Wedus biji","cluster_0",0.0
-1.0321730132062703,-0.549467623546321,-0.5670128899643897,-0.58896269718368,"Koro Wedus buah muda","cluster_0",0.0
-0.9798122830773222,-0.549467623546321,-0.5670128899643897,-0.58896269718368,"Koro wedus polong","cluster_0",0.0
-0.9798122830773222,-0.622135620904965,-0.4574558738990576,-0.6471195106962135,"Kotiu hinela tawang nggole","cluster_0",0.0
1.1146169220806006,-0.4404656275083548,-0.20182283641328283,1.541413208328073,"Koya","cluster_0",0.0
1.1407972871450747,-0.09529264005479549,-0.503104630592946,1.6852747996485506,"Koya mirasa","cluster_0",0.0
0.7808172675085566,-0.6312191205747955,-0.4665856252378353,1.4189778114595815,"Kranji segar","cluster_0",0.0
2.266552984917458,2.838677753300458,3.27661242366101,-0.4787708400020376,"Kripik Tempe Goreng","Noise",0.9018157880507
-1.1434395647302849,-0.6675531192541175,-0.557883138625612,-0.7144589789738838,"Krokot","cluster_0",0.0
-0.9863573743434407,-0.622135620904965,-0.5670128899643897,-0.515501459062585,"Kucai","cluster_0",0.0
-1.0059926481417962,-0.47679962618767685,-0.5396236359480566,-0.5920235821053923,"Kucai Muda (Lokio)","cluster_0",0.0
-0.5412911682473821,0.822140826598086,-0.22008233909083819,-0.8032246417035402,"Kuda daging segar","cluster_0",0.0
1.5989536757733702,-0.47679962618767685,1.0946018536931463,1.1434981685054755,"Kue ali","cluster_0",0.0
-0.058917941934448104,-0.676636618923948,-0.44832612256027987,0.3813378229991155,"Kue Apem","cluster_0",0.0
0.9313543666292824,-0.6857201185937785,-0.4848451279153906,1.627117986136017,"Kue bangket","cluster_0",0.0
0.2899354225496685,-0.731137616942931,-0.22921209042961582,0.822105251725685,"Kue Bugis","cluster_0",0.0
1.5007773067815926,-0.676636618923948,0.20901597383171244,1.7587360377696453,"Kue jahe","cluster_0",0.0
2.587262456957265,-0.3132966321307277,3.249223169644677,0.6231477318143862,"Kue kelapa","Noise",0.8688886333817931
1.1146169220806006,-0.4404656275083548,-0.20182283641328283,-0.58896269718368,"Kue Koya","Noise",0.606248506696308
0.6237350771217124,-0.4949666255273379,0.4190002546235988,0.5190776444761684,"Kue lumpur","cluster_0",0.0
-0.08967987088520502,-0.731137616942931,-0.503104630592946,0.4058249023728137,"Kue mangkok","cluster_0",0.0
-0.4516234179015585,-0.7583881159524226,-0.5304938846092789,0.9231144541421904,"Kue Pacar Cina","cluster_0",0.0
0.6564605334523049,-0.694803618263609,-0.4665856252378353,1.2016549820180091,"Kue Pia","cluster_0",0.0
0.7088212635812531,-0.34054713114021923,0.04468044973371431,0.8496532160210956,"Kue putu cangkir","cluster_0",0.0
0.1393983234289428,-0.7129706176032701,-0.5487533872868343,0.7976181723519868,"Kue putu singkong","cluster_0",0.0
1.293297913645636,-0.5767181225558125,-0.34789885783372554,1.596509136918894,"Kue Satu","cluster_0",0.0
1.2062481998062597,-0.731137616942931,-0.503104630592946,1.9852415219763548,"Kue Semprong","cluster_0",0.0
0.1655786884934168,-0.14071013840394803,0.33683249257459974,-0.07167314541430322,"Kue sus","cluster_0",0.0
-0.10277005341744204,-0.36779763014971073,-0.13791457704183913,0.14871056894898152,"Kue Talam","cluster_0",0.0
2.070200246933903,1.5397373005146957,1.7793332041014718,1.0180018867152714,"Kue Tambang","Noise",0.16711741023944254
0.33575106141249805,-0.5585511232161514,-0.21095258775206047,0.6843654302486321,"Kue thipan","cluster_0",0.0
-0.5543813507796191,-0.41321512849886327,-0.4939748792541682,-0.1971694272045071,"Kulit melinjo","cluster_0",0.0
-1.1368944734641664,-0.7856386149619141,-0.5761426413031673,-0.6869110146784733,"Kundur segar","cluster_0",0.0
-0.8685457315533076,-0.6403026202446259,-0.34789885783372554,-0.5522320781231326,"Kunyit","cluster_0",0.0
2.0898355207322585,1.9575782853268993,3.249223169644677,-0.408370486802655,"Kwaci","cluster_0",0.0
0.3030256050819055,0.9038923236265604,0.9576555836114813,-0.7389460583475822,"Kwark (Quark)","cluster_0",0.0
-1.169619929794759,-0.7674716156222531,-0.5761426413031673,-0.7144589789738838,"Labu Air","cluster_0",0.0
-0.9470868267467296,-0.6675531192541175,-0.5487533872868343,-0.524684113827722,"Labu kuning segar","cluster_0",0.0
-1.1107141083996923,-0.7674716156222531,-0.5852723926419451,-0.6256933162442275,"Labu Siam","cluster_0",0.0
-1.0714435608029813,-0.7220541172731005,-0.5852723926419451,-0.6287542011659398,"Labu waluh segar","cluster_0",0.0
-0.19243780376326552,-0.5767181225558125,-0.23834184176839351,0.07218844590617432,"Laksa","cluster_0",0.0
-0.7245537236987004,-0.30421313246089715,-0.5670128899643897,-0.35939632805525834,"Lamtoro (pete cina) biji muda","cluster_0",0.0
-0.31221297393323433,0.14087835136079768,-0.5487533872868343,-0.028820756510331225,"Lamtoro biji tua","cluster_0",0.0
-0.3514835215299454,0.17721235004011976,-0.36615836051128087,-0.206352081969644,"Lamtoro tempe","cluster_0",0.0
1.121162013346719,3.3927712331601194,-0.1013955716867284,0.16401499355754298,"Lamtoro var. gung tanpa kulit","Noise",0.0
0.9182641840970454,1.3399003077784248,-0.4848451279153906,0.9965756922632857,"Lamtoro var. lokal dengan kulit","cluster_0",0.0
-0.9143613704161371,-0.7402211166127616,-0.5761426413031673,-0.3930660621940935,"Langsat","cluster_0",0.0
-1.0583533782707444,-0.622135620904965,-0.5670128899643897,-0.662423935304775,"Lantar segar","cluster_0",0.0
1.481142032983237,-0.7402211166127616,0.3916110006072659,1.6301788710577294,"Lanting getuk","cluster_0",0.0
1.2651540212013264,-0.22246163543242264,0.8389688162073715,0.8680185255513694,"Lapis legit","cluster_0",0.0
-0.14204060101415308,0.7222223302299502,0.31857298989704447,-0.7389460583475822,"Lawar babi masakan","cluster_0",0.0
-0.35802861279606385,1.2672323104197807,-0.4574558738990576,-0.5981453519488169,"Lawar penyu masakan","cluster_0",0.0
-0.24021697000593073,-0.36779763014971073,0.4007407519460435,-0.5216232289060098,"Lawara jangang masakan","cluster_0",0.0
0.0739474107677577,-0.14979363807377852,0.8115795621910388,-0.5369276535145712,"Lawara penjah masakan","cluster_0",0.0
1.3698754814592224,-0.38596462948937177,-0.1287848257030615,1.7679186925347825,"Ledre pisang","cluster_0",0.0
-1.182710112326996,-0.731137616942931,-0.557883138625612,-0.7726157924864173,"Lema/ Rebung asam","cluster_0",0.0
2.842521016335887,0.004625856313340065,5.339936226224764,-0.7971028718601156,"Lemak Babi (Bacon)","Noise",1.4184962969749413
1.1538874696773116,0.26804734673842484,2.0897447496199124,-0.39000517727238126,"Lemak ikan","cluster_0",0.0
-1.0583533782707444,-0.7765551152920835,-0.5213641332705014,-0.6409977408527889,"Lemon segar","cluster_0",0.0
0.16754221587325244,-0.47679962618767685,-0.2657310957847265,0.4976514500241824,"Lemper","cluster_0",0.0
0.8135427238391492,-0.5040501251971684,-0.07400631767039541,1.1190110891317773,"Lempog durian","cluster_0",0.0
-0.09622496215132353,-0.5676346228859819,-0.4848451279153906,0.38745959284253995,"Lepok/Ubi rumput","cluster_0",0.0
-1.0648984695368628,-0.6493861199144565,-0.5852723926419451,-0.6042671217922414,"Leunca buah","cluster_0",0.0
0.2899354225496685,-0.11345963939445652,-0.5487533872868343,0.7394613588394532,"Leupeut Ketan","cluster_0",0.0
1.2520638386690892,0.6313873335316451,1.414143150550365,-0.7389460583475822,"Leverwost (sosis hati)","cluster_0",0.0
-0.7638242712954114,-0.6130521212351344,-0.11965507436428376,-0.653241280539638,"Lilin bungkus gedi","cluster_0",0.0
-1.156529747262522,-0.7402211166127616,-0.5852723926419451,-0.7022154392870347,"Lobak","cluster_0",0.0
0.1393983234289428,0.17721235004011976,-0.43919637122150224,-0.6746674749916242,"Lokan segar","cluster_0",0.0
-1.1041690171335738,-0.7856386149619141,-0.5761426413031673,-0.6471195106962135,"Lontar segar","cluster_0",0.0
-0.21207307756162105,-0.5676346228859819,-0.3935476145276139,0.17931941816610442,"Lopis","cluster_0",0.0
-1.0321730132062703,-0.7220541172731005,-0.5670128899643897,-0.5981453519488169,"Lumai/Leunca segar","cluster_0",0.0
-0.20749151367533816,-0.658469619584287,-0.4026773658663915,0.22523269199178875,"Lupis ketan","cluster_0",0.0
1.094981648282245,-0.031708142365981996,-0.557883138625612,1.5781438273886206,"Makaroni","cluster_0",0.0
-0.8685457315533076,-0.603968621565304,-0.557883138625612,-0.451222875706627,"Mangga benggala segar","cluster_0",0.0
-0.9929024656095592,-0.7583881159524226,-0.5761426413031673,-0.48795349476717453,"Mangga Gedong","cluster_0",0.0
-0.8685457315533076,-0.7765551152920835,-0.5761426413031673,-0.3196048240729986,"Mangga Golek","cluster_0",0.0
-0.9798122830773222,-0.7856386149619141,-0.5761426413031673,-0.46652730031518846,"Mangga Harum Manis","cluster_0",0.0
-0.809639910158241,-0.749304616282592,-0.5761426413031673,-0.2583871256387529,"Mangga Indramayu","cluster_0",0.0
-0.9143613704161371,-0.7856386149619141,-0.5761426413031673,-0.3838834074289567,"Mangga Kopek","cluster_0",0.0
-0.7180086324325818,-0.7583881159524226,-0.5487533872868343,-0.22471739149991765,"Mangga kwini segar","cluster_0",0.0
-0.41038934292501195,-0.731137616942931,-0.5852723926419451,0.15177145387069385,"Mangga manalagi segar","cluster_0",0.0
-0.8947260966177816,-0.7765551152920835,-0.557883138625612,-0.36857898282039525,"Mangga Muda","cluster_0",0.0
-0.8685457315533076,-0.7674716156222531,-0.5396236359480566,-0.3532745582118338,"Manggis","cluster_0",0.0
3.431579230286552,-0.7674716156222531,6.800696440429191,-0.8185290663121016,"Margarin","Noise",3.0045499530682878
-0.33839333899770835,-0.5040501251971684,-0.4848451279153906,0.0813711006713112,"Markisa segar","cluster_0",0.0
0.1393983234289428,-0.5948851218954734,-0.503104630592946,0.6874263151703444,"Markisa squash","cluster_0",0.0
-0.6001969896424487,-0.7129706176032701,-0.5487533872868343,-0.10534287955313844,"Markisa squash BD","cluster_0",0.0
0.45552623158246686,-0.39504812915920223,-0.09226582034795076,0.6782436604052073,"Martabak  manis","cluster_0",0.0
-0.2794875176026418,-0.41321512849886327,-0.21095258775206047,-0.08697757002286466,"Martabak india","cluster_0",0.0
0.5386488906621718,-0.35871413047988027,0.190756471154157,0.5466256087715791,"Martabak mesir","cluster_0",0.0
0.028131771904928136,-0.013541143026320887,-0.1287848257030615,0.07218844590617432,"Martabak Telur","cluster_0",0.0
1.1342521958789562,-0.6312191205747955,0.04468044973371431,1.4373431209898548,"Masekat","cluster_0",0.0
-0.6918282673681079,-0.7129706176032701,-0.5852723926419451,-0.18492588751765787,"Matoa segar","cluster_0",0.0
-0.848910457754952,-0.36779763014971073,-0.5304938846092789,-0.4236749114112164,"Melinjo","cluster_0",0.0
-1.0387181044723888,-0.7674716156222531,-0.557883138625612,-0.5920235821053923,"Melon segar","cluster_0",0.0
0.8266329063713862,4.246620202124187,-0.41180711720516927,-0.13595172877026132,"Menjangan daging dendeng mentah","Noise",0.0
3.4643046866171447,-0.7765551152920835,6.855474948461857,-0.7879202170949788,"Mentega","Noise",3.052011272689841
-0.8554555490210706,-0.6675531192541175,-0.5761426413031673,-0.3379701336032723,"Menteng","cluster_0",0.0
1.0688012832177711,0.2226298483892723,0.02642094705615895,1.1404372835837633,"Merica","cluster_0",0.0
-0.7049184499003448,-0.7674716156222531,-0.29312034980105955,-0.4022487169592304,"Mi basah","cluster_0",0.0
-0.8161850014243595,-0.8038056143015752,-0.5213641332705014,-0.34409190344669693,"Mi golosor","cluster_0",0.0
0.9378994578954009,0.08637735334181466,-0.43919637122150224,-0.6379368559310766,"Mi kering","Noise",0.0
-0.5412911682473821,-0.549467623546321,-0.3022501011398372,-0.27675243516902653,"Mie aceh rebus","cluster_0",0.0
-0.6132871721746858,-0.2587956341117446,-0.23834184176839351,-0.5093796892191605,"Mie ayam","cluster_0",0.0
-0.5347460769812636,-0.34054713114021923,-0.3205096038173925,-0.3287874788381355,"Mie bakso","cluster_0",0.0
-0.7180086324325818,-0.7674716156222531,-0.29312034980105955,-0.4022487169592304,"Mie basah","cluster_0",0.0
-0.6132871721746858,-0.549467623546321,-0.4026773658663915,-0.28593508993416344,"Mie celon","cluster_0",0.0
1.7822162312246885,-0.13162663873411756,1.268067129129922,1.079219585149517,"Mie Goreng","cluster_0",0.0
0.9248092753631638,-0.10437613972462596,0.4829085139950426,0.6996698548571935,"Mie kering","cluster_0",0.0
-0.5936518983763301,-0.2860461331212361,-0.14704432838061676,-0.5430494233579957,"Mie pangsit basah","cluster_0",0.0
-0.03731914075625695,-0.8038056143015752,-0.557883138625612,0.5925388825972634,"Mie Sagu","cluster_0",0.0
0.9771700054921119,-0.04987514170564295,-0.3935476145276139,1.5567176329366343,"Misoa","cluster_0",0.0
0.1459434146950613,-0.749304616282592,0.8663580702237046,0.7057916247006182,"Misro","Noise",0.0
-0.4431147992556045,-0.09529264005479549,0.31857298989704447,-0.790981102016691,"Moon tahu","cluster_0",0.0
-1.0648984695368628,-0.6130521212351344,-0.5487533872868343,-0.6869110146784733,"Mostarda metan -sawi","cluster_0",0.0
0.8789936365003342,0.7948903275885943,1.5419596692932522,-0.4604055304717639,"Mujahir acar kuning masakan","cluster_0",0.0
1.8476671438858736,2.657007759903848,2.5005835598649075,-0.6746674749916242,"Naan maran sapi masakan","Noise",0.0
-0.9405417354806112,-0.7856386149619141,-0.5761426413031673,-0.4114313717243673,"Nanas","cluster_0",0.0
-0.9012711878839001,-0.7583881159524226,-0.5761426413031673,-0.4236749114112164,"Nanas palembang segar","cluster_0",0.0
-0.20094642240921967,-0.4404656275083548,-0.5852723926419451,0.2925721602694592,"Nangka biji","cluster_0",0.0
-0.5871068071102117,-0.7129706176032701,-0.5670128899643897,0.014031632393640879,"Nangka masak di pohon","cluster_0",0.0
-0.9470868267467296,-0.6403026202446259,-0.557883138625612,-0.4848926098454622,"Nangka Muda","cluster_0",0.0
-0.10277005341744204,-0.549467623546321,-0.5670128899643897,0.38745959284253995,"Nasi","cluster_0",0.0
-0.3056678826671158,-0.5676346228859819,-0.557883138625612,0.16401499355754298,"Nasi beras merah","cluster_0",0.0
-0.024228958224019933,-0.47679962618767685,0.20901597383171244,-0.08391668510115244,"Nasi gemuk","cluster_0",0.0
0.5255587081299348,-0.5313006242066599,-0.3022501011398372,0.09361464035816032,"Nasi Goreng","cluster_0",0.0
-0.03731914075625695,-0.39504812915920223,0.09032920642760266,-0.03494252635375578,"Nasi gurih","cluster_0",0.0
1.055711100685534,-0.022624642696151363,-0.5487533872868343,1.6026309067623188,"Nasi jagung","cluster_0",0.0
0.0739474107677577,-0.5040501251971684,-0.13791457704183913,0.3048156999563083,"Nasi minyak","cluster_0",0.0
-0.26639733507040475,0.11362785235130626,-0.21095258775206047,-0.24614358595190364,"Nasi rames","cluster_0",0.0
-0.4954755293845526,-0.603968621565304,-0.557883138625612,-0.03494252635375578,"Nasi tim","cluster_0",0.0
0.37698513638904474,-0.4313821278385243,1.322845637162588,-0.47264907015861307,"Nasi Uduk","cluster_0",0.0
0.0019514068404541025,0.49513483848418754,0.1633672171378241,-0.34409190344669693,"Nasu likku masakan","cluster_0",0.0
2.6461682783523317,0.449717340135035,3.212704164289567,0.4547990611202104,"Noga Kacang Tanah","Noise",0.5604720686254272
1.2520638386690892,-0.34054713114021923,0.09945895776638031,1.4434648908332797,"Nopia spesial","cluster_0",0.0
-1.221980659923707,-0.6312191205747955,-0.0466170636540624,-0.6134497765573784,"Olah-olah","cluster_0",0.0
-0.056954414554612476,0.3588823434367299,-0.0466170636540624,-0.13901261369197354,"Oncom","cluster_0",0.0
1.1800678347417857,0.5314688371635096,-0.0466170636540624,1.180228787566023,"Oncom ampas kacang hijau","cluster_0",0.0
1.0969451756620807,0.931142822636052,1.1676398644033679,0.4027640174511014,"Oncom Goreng","cluster_0",0.0
0.5779194382588829,0.26804734673842484,0.720282048803262,-0.4144922566460796,"Oncom Hitam Goreng","cluster_0",0.0
0.726493009999773,-0.004457643356490411,1.048953096999258,-0.004333677136632895,"Oncom Hitam Goreng bertepung","cluster_0",0.0
1.016440553088823,0.17721235004011976,-0.11052532302550612,1.1863505574094477,"Oncom kacang hijau + singkong","cluster_0",0.0
-0.41693443419113047,0.3316318444272383,-0.24747159310717118,-0.4114313717243673,"Oncom Kacang Tanah pepes","cluster_0",0.0
-0.056954414554612476,0.3588823434367299,-0.0466170636540624,-0.13901261369197354,"Oncom Kedele","cluster_0",0.0
1.1277071046128375,-0.2042946360927616,2.327118284428132,-0.42673579633292874,"Oncom Merah Goreng","cluster_0",0.0
0.8135427238391492,-0.15887713774360906,1.1128613563707017,0.11810171973185865,"Oncom Merah Goreng bertepung","cluster_0",0.0
-1.0190828306740332,-0.6403026202446259,-0.41180711720516927,-0.7389460583475822,"Oncom Merah Sayur (tumis)","cluster_0",0.0
-0.7834595450937669,-0.3496306308100497,-0.4300666198827246,-0.5063188042974482,"Oncom pepes","cluster_0",0.0
0.6080268580830281,-0.0680421410453039,0.21814572517049008,0.5251994143195929,"Onde-onde","cluster_0",0.0
-0.5282009857151451,-0.6857201185937785,-0.0466170636540624,-0.4022487169592304,"Ongol-ongol","cluster_0",0.0
-0.5543813507796191,-0.7947221146317446,-0.34789885783372554,-0.18186500259594565,"Ongol-ongol sagu","cluster_0",0.0
4.871499308832624,2.4480872674977467,3.2400934183058996,2.3525477125818295,"Opak Singkong","Noise",3.57594766151521
-0.5151108031829081,0.4224668411255434,-0.13791457704183913,-0.6991545543653224,"Oramu ninahu ndawa olaho masakan","cluster_0",0.0
-0.46275007305396004,0.12271135202113673,0.190756471154157,-0.8062855266252524,"Otak","cluster_0",0.0
1.016440553088823,-0.7402211166127616,-0.5122343819317235,1.7679186925347825,"Oyek","cluster_0",0.0
0.9575347316937564,-0.6130521212351344,-0.5852723926419451,1.7128227639439608,"Oyek (dari singkong)","cluster_0",0.0
-0.7769144538276485,-0.5040501251971684,-0.17443358239694984,-0.6654848202264871,"Paku hinela wulelenggapaya","cluster_0",0.0
1.9523886041437697,-0.14071013840394803,2.7288273433343493,0.39664224760767697,"Pala biji","Noise",0.0
-1.0059926481417962,-0.7947221146317446,-0.5761426413031673,-0.4971361495323113,"Pala daging","cluster_0",0.0
1.7298555010957404,1.7668247922604585,2.619270327269018,-0.610388891635666,"Paniki masak santan masakan","Noise",0.0
-0.4051532699121171,-0.549467623546321,-0.44832612256027987,-0.004333677136632895,"Papais","cluster_0",0.0
-0.8816359140855445,-0.8038056143015752,-0.5852723926419451,-0.3747007526638198,"Papeda","cluster_0",0.0
-0.7114635411664634,0.13179485169096722,-0.36615836051128087,-0.662423935304775,"Parede baleh masakan","cluster_0",0.0
-1.091078834601337,-0.7220541172731005,-0.5670128899643897,-0.6287542011659398,"Paria (Pare)","cluster_0",0.0
-1.1761650210608774,-0.749304616282592,-0.5761426413031673,-0.726702518660733,"Paria Putih kukus","cluster_0",0.0
-1.156529747262522,-0.731137616942931,-0.557883138625612,-0.7205807488173084,"Paria putih segar","cluster_0",0.0
0.7284565373796086,-0.41321512849886327,0.6198547840767077,0.4670426008070595,"Pastel","cluster_0",0.0
1.0884365570161265,-0.7765551152920835,-0.5670128899643897,1.8291363909690281,"Pati Singkong (tapioka)","cluster_0",0.0
-1.130349382198048,-0.658469619584287,-0.5670128899643897,-0.6930327845218979,"Pe-Cay","cluster_0",0.0
-0.7900046363598855,-0.5948851218954734,-0.3387691064949479,-0.524684113827722,"Pelecing kangkung","cluster_0",0.0
0.1524885059611798,0.9674768213153739,0.6472440380930405,-0.6960936694436101,"Pelepah manuk masakan","cluster_0",0.0
-0.2205816962075752,-0.3768811298195412,-0.3205096038173925,0.020153402237065434,"Pempek adaan","cluster_0",0.0
-0.25985224380428623,-0.4404656275083548,-0.4665856252378353,0.13646702926213242,"Pempek belida","cluster_0",0.0
-0.2860326088687603,-0.41321512849886327,-0.38441786318883625,0.03239694192391455,"Pempek kapal selam","cluster_0",0.0
0.10012777583223173,0.2952978457479164,-0.037487312315284765,-0.016577216823482007,"Pempek kelesan","cluster_0",0.0
0.30957069634802403,-0.3496306308100497,0.0720697037500473,0.36603339839055404,"Pempek kulit","cluster_0",0.0
-0.1485856922802716,-0.16796063741343953,-0.4848451279153906,0.19156295785295352,"Pempek tenggiri","cluster_0",0.0
1.1538874696773116,-0.11345963939445652,2.7196975919955717,-0.7236416337390207,"Pencok lele masakan","cluster_0",0.0
-0.14204060101415308,0.3679658431065604,0.5194275193501532,-0.7634331377212805,"Penyu serapah masakan","cluster_0",0.0
-1.156529747262522,-0.7674716156222531,-0.5852723926419451,-0.7113980940521716,"Pepare ular segar","cluster_0",0.0
0.5190136168638163,0.23171334805910276,0.46464901131748715,0.09361464035816032,"Pepaya lodeh","cluster_0",0.0
-1.1107141083996923,-0.6312191205747955,-0.5852723926419451,-0.6807892448350485,"Pepaya Muda","cluster_0",0.0
-0.9798122830773222,-0.7765551152920835,0.5011680166725979,-0.4573446455500516,"Pepaya segar","cluster_0",0.0
-0.7834595450937669,-0.3496306308100497,-0.4300666198827246,-0.5063188042974482,"Pepea oncom ampas tahu","cluster_0",0.0
-0.3514835215299454,0.12271135202113673,-0.41180711720516927,-0.15737792322224733,"Pete Segar","cluster_0",0.0
-0.9536319180128482,-0.4858831258575073,-0.503104630592946,-0.5552929630448449,"Peterseli","cluster_0",0.0
-0.2271267874736937,0.9947273203248654,-0.5761426413031673,-0.09616022478800156,"Petis Ikan","cluster_0",0.0
0.15903359722729832,0.54055233683334,-0.5852723926419451,0.3935813626859646,"Petis Udang","cluster_0",0.0
0.9771700054921119,1.3399003077784248,-0.4665856252378353,0.9843321525764364,"Petis udang kering","cluster_0",0.0
0.15903359722729832,0.54055233683334,-0.5122343819317235,0.33236366425171887,"Petis udang pasta","cluster_0",0.0
2.08329042946614,-0.731137616942931,1.9436687281994698,18.973152837479553,"Pilus","Noise",17.08566440277357
-0.5805617158440932,0.6223038338618146,-0.5396236359480566,-0.8185290663121016,"Pinda masakan","cluster_0",0.0
-0.6329224459730413,-0.7129706176032701,-0.5761426413031673,-0.041064296197180335,"Pisang Ambon","cluster_0",0.0
-0.835820275222715,-0.7038871179334395,-0.5761426413031673,-0.3043003994644372,"Pisang angleng (pisang ampyang) segar","cluster_0",0.0
-0.4954755293845526,-0.7220541172731005,-0.5761426413031673,-0.01045544698005745,"Pisang ayam segar","cluster_0",0.0
-0.449659890521723,-0.6312191205747955,-0.5670128899643897,0.12116260465357098,"Pisang gapi segar","cluster_0",0.0
0.15903359722729832,-0.6130521212351344,-0.38441786318883625,-0.6379368559310766,"Pisang Goreng","cluster_0",0.0
-0.5282009857151451,-0.6493861199144565,-0.5761426413031673,0.023214287158777658,"Pisang goroho segar","cluster_0",0.0
-0.5151108031829081,-0.6403026202446259,-0.5670128899643897,0.05382313637590054,"Pisang hijau segar","cluster_0",0.0
-0.6263773547069227,-0.694803618263609,-0.5487533872868343,-0.10840376447485066,"Pisang kayu segar","cluster_0",0.0
-0.5674715333118562,-0.749304616282592,-0.5487533872868343,-0.025759871588618893,"Pisang kepok segar","cluster_0",0.0
-0.33184824773158983,-0.7220541172731005,-0.5670128899643897,0.22523269199178875,"Pisang ketip segar","cluster_0",0.0
-0.6525577197713968,-0.731137616942931,-0.5761426413031673,-0.14207349861368587,"Pisang kidang segar","cluster_0",0.0
-0.6329224459730413,-0.7038871179334395,-0.5761426413031673,-0.04718606604060489,"Pisang Lampung","cluster_0",0.0
-0.449659890521723,-0.694803618263609,-0.5761426413031673,0.19768472769637818,"Pisang Mas","cluster_0",0.0
-0.449659890521723,-0.694803618263609,-0.5761426413031673,0.14258879910555697,"Pisang mas bali","cluster_0",0.0
-0.4038442516588934,-0.7220541172731005,-0.5487533872868343,0.2558415412089116,"Pisang Oli","cluster_0",0.0
-0.4954755293845526,-0.7129706176032701,-0.5761426413031673,0.14258879910555697,"Pisang Raja","cluster_0",0.0
-0.6394675372391597,-0.7038871179334395,-0.4848451279153906,-0.20329119704793164,"Pisang rotan segar","cluster_0",0.0
-0.5412911682473821,-0.7129706176032701,-0.5761426413031673,-0.013516331901769783,"Pisang talas segar","cluster_0",0.0
-0.9863573743434407,-0.622135620904965,-0.5670128899643897,-0.515501459062585,"Prey (bawang daun)","cluster_0",0.0
-1.0648984695368628,-0.41321512849886327,-0.557883138625612,-0.7450678281910067,"Pucuk lumai/daun leunca segar","cluster_0",0.0
0.13285323216282427,-0.5858016222256429,-0.3113798524786149,0.5282602992413052,"Pulut","cluster_0",0.0
0.18521396229177234,1.557904299854357,0.43725975730115424,-0.6960936694436101,"Punai daging goreng","cluster_0",0.0
-0.6001969896424487,-0.6493861199144565,-0.22008233909083819,-0.36857898282039525,"Pundut nasi","cluster_0",0.0
-1.1172591996658108,-0.6857201185937785,-0.5487533872868343,-0.7205807488173084,"Purundawa","cluster_0",0.0
-0.7834595450937669,-0.44954912717818535,-0.4939748792541682,-0.36551809789868295,"Purut segar","cluster_0",0.0
-0.7834595450937669,-0.4949666255273379,-0.5670128899643897,-0.3838834074289567,"Putri malu segar","cluster_0",0.0
-0.21403660494145668,-0.622135620904965,-9.683069601740494E-4,-0.1022819946314261,"Putri selat","cluster_0",0.0
0.028131771904928136,-0.731137616942931,-0.3752881118500586,0.5098949897110315,"Putu Mayang","cluster_0",0.0
-0.39075406912665644,3.083932244385882,-0.3752881118500586,-0.7389460583475822,"Ragi","Noise",0.0
-0.7834595450937669,0.2771308464082553,-0.41180711720516927,-0.7573113678778559,"Rajungan segar","cluster_0",0.0
-0.8292751839565965,-0.7402211166127616,-0.5852723926419451,-0.27675243516902653,"Rambutan","cluster_0",0.0
-0.7834595450937669,-0.7765551152920835,-0.5761426413031673,-0.2798133200907389,"Rambutan binjai segar","cluster_0",0.0
0.6499154421861865,-0.15887713774360906,0.18162671981537937,0.6231477318143862,"Rarawuan","cluster_0",0.0
1.297879477531919,-0.622135620904965,0.20901597383171244,1.513865244032662,"Rasbi (Beras Ubi)","cluster_0",0.0
1.0098954618227045,-0.7402211166127616,-0.557883138625612,1.7924057719084807,"Rasi (Beras Singkong)","cluster_0",0.0
-0.8881810053516631,-0.33146363147038865,-0.36615836051128087,-0.7083372091304593,"Rawon masakan","cluster_0",0.0
-0.7507340887631744,0.6495543328713062,-0.4848451279153906,-0.8093464115469649,"Rebon (udang kecil segar)","cluster_0",0.0
0.6760958072506605,1.848576289288933,-0.2657310957847265,-0.7328242885041576,"Rebon kering","cluster_0",0.0
-0.7507340887631744,0.6495543328713062,-0.4848451279153906,-0.8093464115469649,"Rebon udang kecil segar","cluster_0",0.0
-1.1041690171335738,-0.7674716156222531,-0.5670128899643897,-0.6716065900699119,"Rebung","cluster_0",0.0
0.8135427238391492,-0.16796063741343953,-0.21095258775206047,1.1067675494449278,"Rebung laut mentah","cluster_0",0.0
1.6709496797006738,0.19537934937978071,1.2498076264523668,0.9965756922632857,"Rempeyek kacang tolo","cluster_0",0.0
1.9720238779421253,0.7222223302299502,1.9254092255219146,0.7241569342308917,"Rempeyek kacang uci","cluster_0",0.0
-0.017683866957901424,1.2308983117404588,0.12684821178271338,-0.5920235821053923,"Rendang sapi masakan","cluster_0",0.0
1.801851505023044,-0.39504812915920223,1.3958836478728096,1.131254628818626,"Renggi goreng","cluster_0",0.0
-0.7900046363598855,-0.676636618923948,-0.5396236359480566,-0.3471527883684092,"Rimbang segar","cluster_0",0.0
0.9117190928309268,-0.34054713114021923,-0.27486084712350417,1.3271512638082128,"Risoles","cluster_0",0.0
0.9509896404276379,-0.3223801318005582,0.8846175729012599,0.49459056510247007,"Roti boong","cluster_0",0.0
1.0098954618227045,-0.14071013840394803,-0.41180711720516927,1.480195509893827,"Roti Gambang","cluster_0",0.0
0.34229615267861657,-0.09529264005479549,-0.4848451279153906,0.6996698548571935,"Roti Putih","cluster_0",0.0
0.3488412439447351,-0.10437613972462596,-0.4574558738990576,0.6904872000920567,"Roti warna sawo matang","cluster_0",0.0
-0.2794875176026418,0.20446284904961134,0.17249696847660173,-0.5859018122619677,"Rujak cingur","cluster_0",0.0
-1.0125377394079147,-0.694803618263609,-0.5670128899643897,-0.5828409273402555,"Rumput laut","cluster_0",0.0
-0.5609264420457376,0.2226298483892723,-0.41180711720516927,-0.47264907015861307,"Rusip","cluster_0",0.0
0.01504158937269112,1.412568305137069,0.3824812492684881,-0.8032246417035402,"RW anjing masakan","cluster_0",0.0
1.6578594971684368,1.9575782853268993,1.7336844474075834,0.1456496840272692,"Saga biji tanpa kulit","Noise",0.0
0.9313543666292824,-0.7674716156222531,-0.5670128899643897,1.7128227639439608,"Sagu Ambon","cluster_0",0.0
1.042620918153297,-0.7674716156222531,-0.4939748792541682,1.789344886986768,"Sagu aren kering","cluster_0",0.0
0.23102960115460192,-0.7674716156222531,-0.5761426413031673,0.9016882596902046,"Sagu aren segar","cluster_0",0.0
0.6237350771217124,-0.7765551152920835,-0.22921209042961582,1.10982843436664,"Sagu forno","cluster_0",0.0
0.2244845098884834,-0.7674716156222531,-0.5761426413031673,0.8986273747684922,"Sagu kasbi segar","cluster_0",0.0
1.6774947709667922,-0.5676346228859819,0.7568010541583726,1.519987013876087,"Sagu Lemak (Kue Sagon)","cluster_0",0.0
0.9902601880243489,-0.7402211166127616,-0.5670128899643897,1.7771013472999193,"Sagu lempeng","cluster_0",0.0
1.1015267395483637,-0.8128891139714056,-0.5761426413031673,1.9393282481506704,"Sagu Rendang","cluster_0",0.0
1.0884365570161265,-0.7765551152920835,-0.5670128899643897,1.8291363909690281,"Sagu singkong kering","cluster_0",0.0
1.0360758268871786,-0.749304616282592,0.1633672171378241,1.2781771050608164,"Sagu sinole","cluster_0",0.0
-0.9078162791500186,-0.7765551152920835,-0.5852723926419451,-0.4144922566460796,"Salak bali segar","cluster_0",0.0
-0.9209064616822557,-0.7856386149619141,-0.5761426413031673,-0.43897933601977784,"Salak medan segar","cluster_0",0.0
-0.7114635411664634,-0.749304616282592,-0.557883138625612,-0.21553473673478077,"Salak pondoh segar","cluster_0",0.0
0.5582841644605273,-0.603968621565304,-0.5304938846092789,1.1924723272528719,"Sale pisang siam","cluster_0",0.0
-0.48238534685231554,-0.6403026202446259,0.31857298989704447,-0.5981453519488169,"Santan (dengan air)","cluster_0",0.0
0.8397230889036232,-0.4404656275083548,2.5371025652200183,0.8710794104730817,"Santan (kelapa saja)","Noise",1.0531478084455024
0.8397230889036232,-0.4404656275083548,2.5371025652200183,-0.6593630503830628,"Santan murni","Noise",0.0
-0.6394675372391597,-0.6403026202446259,-0.557883138625612,-0.08085580017944011,"Saos Tomat","cluster_0",0.0
0.10667286709835024,0.8130573269282553,0.37335149792971045,0.9843321525764364,"Sapi abon","Noise",0.0
1.6513144059023184,0.49513483848418754,3.2674826723222323,-0.7603722527995681,"Sapi daging sosis (Worst)","Noise",0.0
-0.08313477961908651,0.26804734673842484,0.720282048803262,-0.7879202170949788,"Sapi daleman segar","cluster_0",0.0
-0.3842089778605379,0.54055233683334,0.14510771446026866,-0.8032246417035402,"Sapi ginjal segar","cluster_0",0.0
0.5124685255976977,0.6313873335316451,1.414143150550365,-0.7389460583475822,"Sapi hati sosis (liverworst)","cluster_0",0.0
-0.7310988149648189,0.13179485169096722,-0.17443358239694984,-0.8246508361555263,"Sapi keleponan segar","cluster_0",0.0
-0.41693443419113047,0.9674768213153739,-0.3022501011398372,-0.6471195106962135,"Sapi liver segar","cluster_0",0.0
-0.475840255586197,0.12271135202113673,0.190756471154157,-0.8062855266252524,"Sapi otak segar","cluster_0",0.0
1.0753463744838896,4.382872697171645,-0.0466170636540624,-0.24308270103019142,"Sapi paru dendeng mentah","Noise",0.0
0.47319797800098673,1.3489838074482552,0.5650762760440415,-0.38694429235066896,"Sapi paru goreng","cluster_0",0.0
-0.4562049817878415,0.449717340135035,0.06293995241126966,-0.7848593321732664,"Sapi usus segar","cluster_0",0.0
0.5582841644605273,2.5843397625452043,-0.5670128899643897,0.15177145387069385,"Sarang Burung","Noise",0.0
0.9313543666292824,1.094645816693001,1.8706307174892485,-0.8001637567818279,"Sardines dalam kaleng","cluster_0",0.0
0.5713743469927643,0.2771308464082553,0.939396080933926,-0.19104765736108253,"Sate Bandeng","cluster_0",0.0
-0.5609264420457376,0.5859698351824926,-0.5487533872868343,-0.4787708400020376,"Sate Kulit","cluster_0",0.0
-0.10931514468356054,1.2218148120706283,-0.27486084712350417,-0.4236749114112164,"Sate penyu masakan","cluster_0",0.0
0.5124685255976977,0.34979884376689946,1.1037316050319241,-0.4144922566460796,"Sate pusut masakan","cluster_0",0.0
-0.4516234179015585,0.449717340135035,0.0720697037500473,-0.790981102016691,"Sate Usus","cluster_0",0.0
-1.1368944734641664,-0.6130521212351344,-0.5670128899643897,-0.7083372091304593,"Sawi","cluster_0",0.0
-1.221980659923707,-0.731137616942931,-0.5852723926419451,-0.7787375623298419,"Sawi putih / pecai segar","cluster_0",0.0
-1.0845337433352182,-0.6493861199144565,-0.5487533872868343,-0.6960936694436101,"Sawi taiwan segar","cluster_0",0.0
-1.156529747262522,-0.7038871179334395,-0.5761426413031673,-0.7420069432692945,"Sawi tanah segar","cluster_0",0.0
-0.6787380848358708,-0.7765551152920835,-0.4939748792541682,-0.1451343835353982,"Sawo","cluster_0",0.0
-0.862000640287189,-0.731137616942931,-0.3113798524786149,-0.5859018122619677,"Sawo duren segar","cluster_0",0.0
-0.5543813507796191,-0.7402211166127616,-0.38441786318883625,-0.16962146290909644,"Sawo kecik segar","cluster_0",0.0
-0.6787380848358708,-0.7765551152920835,-0.4939748792541682,-0.1451343835353982,"Sawo Manila segar","cluster_0",0.0
-1.091078834601337,-0.7583881159524226,-0.5396236359480566,-0.6777283599133364,"Sayur asem","cluster_0",0.0
-0.9601770092789667,-0.6675531192541175,-0.5670128899643897,-0.5308058836711465,"Sayur bunga pepaya","cluster_0",0.0
-0.11586023594967905,-0.5858016222256429,0.6746332921093736,-0.5063188042974482,"Sayur garu","cluster_0",0.0
-0.41038934292501195,-0.15887713774360906,0.00816144437860359,-0.48795349476717453,"Sayur kohu-kohu","cluster_0",0.0
-0.862000640287189,-0.6312191205747955,-0.5396236359480566,-0.44816199078491475,"Sayur lebui","cluster_0",0.0
-1.0452631957385072,-0.5767181225558125,-0.5304938846092789,-0.683850129756761,"Sayur lilin-terubuk","cluster_0",0.0
-0.9601770092789667,-0.5403841238764904,-0.36615836051128087,-0.7205807488173084,"Sayur ndusuk","cluster_0",0.0
-1.1041690171335738,-0.7038871179334395,-0.41180711720516927,-0.8001637567818279,"Sayur sop","cluster_0",0.0
-0.8423653664888335,-0.3496306308100497,-0.3296393551561702,-0.6746674749916242,"Sayur umbut kelapa","cluster_0",0.0
-0.9078162791500186,-0.33146363147038865,-0.35702860917250323,-0.7358851734258698,"Sayur umbut rotan","cluster_0",0.0
-1.182710112326996,-0.7129706176032701,-0.5761426413031673,-0.7420069432692945,"Selada","cluster_0",0.0
-1.169619929794759,-0.6675531192541175,-0.5670128899643897,-0.7389460583475822,"Selada Air","cluster_0",0.0
-1.156529747262522,-0.5767181225558125,-0.5761426413031673,-0.7420069432692945,"Selada Air rebus","cluster_0",0.0
-1.1499846559964035,-0.731137616942931,-0.5852723926419451,-0.6899718996001856,"Seledri","cluster_0",0.0
-1.0976239258674554,-0.7765551152920835,-0.5761426413031673,-0.6195715464008028,"Semangka","cluster_0",0.0
-0.020956412590960677,-0.41321512849886327,-0.0466170636540624,0.09667552527987265,"Semur Jengkol","cluster_0",0.0
-0.862000640287189,-0.7674716156222531,-0.5670128899643897,-0.37776163758553205,"Sente","cluster_0",0.0
1.02953073562106,-0.7583881159524226,-0.5761426413031673,1.761796922691358,"Sente talas segar","cluster_0",0.0
-0.7049184499003448,-0.10437613972462596,-0.44832612256027987,-0.5063188042974482,"Sepi masakan","cluster_0",0.0
0.669550715984542,-0.09529264005479549,1.578478674648363,0.6660001207183582,"Serbuk Coklat","Noise",0.0
1.8476671438858736,-0.5948851218954734,1.3411051398401435,1.287359759825953,"Serimping talas kebumen","cluster_0",0.0
-0.7049184499003448,-0.5313006242066599,0.13597796312149102,-0.8062855266252524,"Shabu-shabu","cluster_0",0.0
1.8214867788213995,0.19537934937978071,3.285742174999788,-0.47264907015861307,"Sie reuboh masakan","Noise",0.4401194052087405
-0.7507340887631744,-0.35871413047988027,-0.18356333373572747,-0.6746674749916242,"Singkah (rotan muda)","cluster_0",0.0
0.5844645295250014,-0.731137616942931,1.048953096999258,0.02627517208048999,"Singkong Goreng","cluster_0",0.0
-0.3253031564654713,-0.7129706176032701,-0.5670128899643897,0.2313544618352134,"Singkong kukus","cluster_0",0.0
-0.1485856922802716,-0.7765551152920835,-0.5852723926419451,0.4701034857287718,"Singkong tape","cluster_0",0.0
-0.6571392836576797,-0.42229862816869373,-0.3935476145276139,-0.39000517727238126,"Siomay","cluster_0",0.0
-0.8554555490210706,-0.731137616942931,-0.5670128899643897,-0.3318483637598478,"Sirsak","cluster_0",0.0
-0.8161850014243595,-0.14071013840394803,-0.2657310957847265,-0.7634331377212805,"Sop buntut masakan","cluster_0",0.0
-0.9601770092789667,-0.2951296327910667,-0.5487533872868343,-0.6685457051481994,"Sop daging sapi masakan","cluster_0",0.0
-0.835820275222715,-0.004457643356490411,-0.42093686854394696,-0.7175198638955962,"Sop kaki sapi masakan","cluster_0",0.0
-1.0583533782707444,-0.3223801318005582,-0.5213641332705014,-0.7971028718601156,"Sop kambing masakan","cluster_0",0.0
-0.8161850014243595,-0.14979363807377852,-0.35702860917250323,-0.6930327845218979,"Sop konro masakan","cluster_0",0.0
-1.2023453861253515,-0.7765551152920835,-0.5852723926419451,-0.769554907564705,"Sop Kool","cluster_0",0.0
-1.182710112326996,-0.7674716156222531,-0.5852723926419451,-0.7358851734258698,"Sop Kool dan Wortel","cluster_0",0.0
-0.6983733586342263,-0.16796063741343953,-0.13791457704183913,-0.7113980940521716,"Sop saudara masakan","cluster_0",0.0
-1.0059926481417962,-0.4677161265178463,-0.43919637122150224,-0.7450678281910067,"Soto bandung masakan","cluster_0",0.0
-0.5609264420457376,-0.5585511232161514,0.27292423320315606,-0.7328242885041576,"Soto banjar masakan","cluster_0",0.0
-0.3972991603927749,-0.5948851218954734,0.20901597383171244,-0.4787708400020376,"Soto betawi masakan","cluster_0",0.0
-0.4463873448886637,-0.5858016222256429,0.2637944818643784,-0.5767191574968308,"Soto dengan Daging","cluster_0",0.0
-0.6787380848358708,0.24988034739876389,-0.20182283641328283,-0.7879202170949788,"Soto jeroan masakan","cluster_0",0.0
-1.0321730132062703,-0.5858016222256429,-0.38441786318883625,-0.7756766774081296,"Soto kudus masakan","cluster_0",0.0
-0.8881810053516631,-0.5040501251971684,-0.18356333373572747,-0.790981102016691,"Soto madura masakan","cluster_0",0.0
-0.449659890521723,-0.2860461331212361,0.00816144437860359,-0.4940752646105991,"Soto padang masakan","cluster_0",0.0
-0.6656479023036338,-0.549467623546321,0.02642094705615895,-0.6746674749916242,"Soto pekalongan masakan","cluster_0",0.0
-0.7900046363598855,-0.4949666255273379,-0.11965507436428376,-0.7236416337390207,"Soto pemalang masakan","cluster_0",0.0
-0.757279180029293,-0.5313006242066599,-0.27486084712350417,-0.5552929630448449,"Soto sukaraja masakan","cluster_0",0.0
-0.5144562940562962,-0.7856386149619141,0.190756471154157,-0.5369276535145712,"Soto tanpa Daging","cluster_0",0.0
-0.3711187953283009,-0.14979363807377852,-0.4026773658663915,-0.13901261369197354,"Spaghetti","cluster_0",0.0
-0.6198322634408042,-0.6675531192541175,-0.5396236359480566,0.24665888644377484,"Srikaya","cluster_0",0.0
-0.7900046363598855,-0.3132966321307277,-0.557883138625612,-0.4573446455500516,"Sukiyaki masakan","cluster_0",0.0
-0.5020206206506711,-0.694803618263609,-0.5761426413031673,0.029336057002202324,"Sukun muda segar","cluster_0",0.0
-0.4562049817878415,-0.676636618923948,-0.5761426413031673,-0.08085580017944011,"Sukun tua segar","cluster_0",0.0
-0.6918282673681079,-0.6857201185937785,-0.5852723926419451,-0.16043880814395967,"Suweg kukus","cluster_0",0.0
-0.8292751839565965,-0.731137616942931,-0.5852723926419451,-0.35021367329012154,"Suweg mentah","cluster_0",0.0
-0.796549727626004,-0.694803618263609,-0.5852723926419451,-0.3043003994644372,"Suweg talas segar","cluster_0",0.0
0.9902601880243489,-0.7765551152920835,-0.5122343819317235,1.7464924980827963,"Suwir-suwir","cluster_0",0.0
-0.835820275222715,-0.11345963939445652,-0.17443358239694984,-0.7817984472515541,"Tahu","cluster_0",0.0
-0.5282009857151451,0.05912685433232308,0.18162671981537937,-0.7542504829561436,"Tahu goreng","cluster_0",0.0
0.8659034539680972,0.32254834475740785,1.2224183724360336,-0.07779491525772778,"Tahu telur","cluster_0",0.0
-0.31221297393323433,0.431550340795374,0.18162671981537937,-0.7083372091304593,"Takwa","cluster_0",0.0
-0.4954755293845526,-0.6857201185937785,-0.5670128899643897,0.03239694192391455,"Talas bogor kukus","cluster_0",0.0
-0.21403660494145668,-0.6130521212351344,-0.5487533872868343,0.2833895055043222,"Talas pontianak segar","cluster_0",0.0
-0.5282009857151451,-0.658469619584287,-0.5487533872868343,-0.038003411275468114,"Talas viqueque segar","cluster_0",0.0
-0.4954755293845526,-0.6857201185937785,-0.5670128899643897,0.03239694192391455,"Tales kukus","cluster_0",0.0
-0.6394675372391597,-0.6493861199144565,-0.5761426413031673,-0.10534287955313844,"Tales mentah","cluster_0",0.0
-0.19440133114310115,0.12271135202113673,-0.14704432838061676,-0.09309933986628922,"Taoco","cluster_0",0.0
-0.7049184499003448,-0.5313006242066599,-0.4026773658663915,-0.4022487169592304,"Taoge goreng","cluster_0",0.0
-0.7834595450937669,-0.004457643356490411,-0.35702860917250323,-0.6348759710093643,"Taoge kacang kedelai segar","cluster_0",0.0
-1.0976239258674554,-0.549467623546321,-0.5213641332705014,-0.7083372091304593,"Taoge seduh","cluster_0",0.0
-1.0583533782707444,-0.4858831258575073,-0.4848451279153906,-0.6991545543653224,"Taoge segar","cluster_0",0.0
-0.6001969896424487,0.34979884376689946,0.02642094705615895,-0.7940419869384033,"Taokoa","cluster_0",0.0
-0.6329224459730413,-0.6675531192541175,-0.5670128899643897,-0.1451343835353982,"Tapai beras","cluster_0",0.0
-0.19440133114310115,-0.47679962618767685,-0.503104630592946,0.22217180707007642,"Tapai ketan hitam","cluster_0",0.0
-0.1551307835463901,-0.549467623546321,-0.5487533872868343,0.3170592396431574,"Tapai ketan putih","cluster_0",0.0
-0.17476605734474562,-0.694803618263609,-0.5670128899643897,0.39970313252938927,"Tapai singkong","cluster_0",0.0
1.0622561919516524,-0.14071013840394803,-0.20182283641328283,1.3240903788865006,"Tauco cap DAS cake","cluster_0",0.0
0.5321037993960533,0.004625856313340065,-0.16530383105817212,0.6874263151703444,"Tauji cap singa","cluster_0",0.0
-1.1172591996658108,-0.4041316288290328,-0.557883138625612,-0.7389460583475822,"Tebu Terubuk","cluster_0",0.0
-0.7376439062309373,0.12271135202113673,-0.28399059846228186,-0.7450678281910067,"Tedong pallu basa masakan","cluster_0",0.0
-1.0583533782707444,-0.6403026202446259,-0.5852723926419451,-0.58896269718368,"Tekokak","cluster_0",0.0
0.643370350920068,-0.0680421410453039,-0.43919637122150224,1.3914298471641706,"Tekokak kering","cluster_0",0.0
-0.9339966442144927,-0.6493861199144565,-0.5122343819317235,-0.5430494233579957,"Tekwan","cluster_0",0.0
-0.2205816962075752,0.34071534409706894,0.4555192599787095,-0.8093464115469649,"Telur Ayam","cluster_0",0.0
1.081891465750008,0.931142822636052,2.317988533089354,-0.8093464115469649,"Telur Ayam bagian kuning","cluster_0",0.0
1.2258834736046151,0.5496358365031705,2.409286046477131,-0.5767191574968308,"Telur Ayam ceplok","cluster_0",0.0
0.3619314264769721,0.6586378325411367,1.1767696157421452,-0.7879202170949788,"Telur Ayam dadar","cluster_0",0.0
-0.10931514468356054,0.4133833414557129,0.6198547840767077,-0.6960936694436101,"Telur ayam kampung","cluster_0",0.0
1.2455187474029707,0.7222223302299502,2.6010108245914623,-0.8062855266252524,"Telur bebek bagian kuning segar","cluster_0",0.0
0.8135427238391492,0.5496358365031705,2.190172014346467,-0.8032246417035402,"Telur Bebek ceplok","cluster_0",0.0
-0.056954414554612476,0.16812885037028927,0.5376870220277086,-0.58896269718368,"Telur bebek tambak segar","cluster_0",0.0
-0.004593684425664406,0.4133833414557129,0.6472440380930405,-0.7879202170949788,"Telur Bebek telur asin","cluster_0",0.0
-0.5216558944490266,0.14996185103062817,0.04468044973371431,-0.7817984472515541,"Telur burung puyuh segar","cluster_0",0.0
1.5007773067815926,1.9939122840062211,1.9619282308770252,-0.524684113827722,"Telur Terubuk","Noise",0.0
-0.5020206206506711,-0.42229862816869373,-0.27486084712350417,-0.270630665325602,"Tempe bongkrek","cluster_0",0.0
-0.8030948188921224,-0.30421313246089715,-0.47571537657661295,-0.7022154392870347,"Tempe Gembus","cluster_0",0.0
-0.7834595450937669,-0.2042946360927616,-0.5304938846092789,-0.5063188042974482,"Tempe gembus yogya","cluster_0",0.0
0.8659034539680972,0.8493913256075772,1.5237001666156968,-0.43897933601977784,"Tempe Goreng","cluster_0",0.0
-0.3711187953283009,0.3134648450875774,-0.5213641332705014,-0.16043880814395967,"Tempe kacang babi","cluster_0",0.0
0.10667286709835024,0.7676398285791027,0.31857298989704447,-0.4359184510980656,"Tempe kacang belimbing","cluster_0",0.0
-0.34493843026382687,0.26804734673842484,-0.09226582034795076,-0.48183172492374987,"Tempe kedelai + jagung","cluster_0",0.0
1.0098954618227045,1.4034848054672384,1.834111712134138,-0.5124405741408727,"Tempe kedelai murni goreng","cluster_0",0.0
0.034676863171046644,1.0673953176835096,0.20901597383171244,-0.41755314156779183,"Tempe kedelai murni mentah","cluster_0",0.0
-0.35802861279606385,0.10454435268147562,-0.47571537657661295,-0.12064730416169989,"Tempe koro benguk","cluster_0",0.0
-0.3253031564654713,0.24079684772893326,-0.38441786318883625,-0.2308391613433422,"Tempe lamtoro var. gung dengan kulit","cluster_0",0.0
-0.423479525457249,0.8130573269282553,-0.5213641332705014,-0.4328575661763533,"Tempe lamtoro var. gung tanpa kulit","cluster_0",0.0
-0.2991227914009973,0.449717340135035,0.10858870910515803,-0.5522320781231326,"Tempe pasar segar","cluster_0",0.0
0.9182641840970454,0.9947273203248654,1.9619282308770252,-0.5920235821053923,"Tempe pasar goreng","cluster_0",0.0
0.2899354225496685,-0.27696263345140565,-0.34789885783372554,0.6782436604052073,"Tempe Sayur","cluster_0",0.0
-0.5609264420457376,-0.6675531192541175,-0.47571537657661295,-0.16043880814395967,"Tempoya","cluster_0",0.0
-0.4562049817878415,-0.7220541172731005,-0.3935476145276139,-0.044125181118892666,"Tempuyak","cluster_0",0.0
1.042620918153297,-0.7583881159524226,-0.5761426413031673,1.7771013472999193,"Tepung Arrowroot","cluster_0",0.0
1.1015267395483637,-0.18612763675310057,-0.5487533872868343,1.6179353313708802,"Tepung Beras","cluster_0",0.0
1.02953073562106,-0.18612763675310057,-0.5487533872868343,1.6179353313708802,"Tepung beras mentah","cluster_0",0.0
1.02953073562106,-0.749304616282592,-0.43919637122150224,1.7281271885525225,"Tepung Ganyong","cluster_0",0.0
1.094981648282245,-0.7220541172731005,-0.5487533872868343,1.868927894951288,"Tepung Gaplek","cluster_0",0.0
1.042620918153297,-0.7583881159524226,-0.5761426413031673,1.7771013472999193,"Tepung Garut (arrowroot)","cluster_0",0.0
1.1015267395483637,-0.41321512849886327,-0.503104630592946,1.7250663036308103,"Tepung Hunkwee","cluster_0",0.0
0.7873623587746752,4.637210687926899,-9.683069601740494E-4,-0.1451343835353982,"Tepung Ikan","Noise",0.3991244025779224
1.042620918153297,0.013709355983170541,-0.23834184176839351,1.425099581303006,"Tepung Jagung Kuning","cluster_0",0.0
1.042620918153297,0.013709355983170541,-0.23834184176839351,1.425099581303006,"Tepung jagung putih","cluster_0",0.0
1.2586089299352077,0.9038923236265604,0.09032920642760266,1.04248896608897,"Tepung Jalejo","cluster_0",0.0
0.9902601880243489,2.439003767827916,1.2863266318074775,0.08443198559302342,"Tepung Kacang Kedelai","cluster_0",0.0
0.9902601880243489,-0.7947221146317446,-0.5852723926419451,1.789344886986768,"Tepung Kentang","cluster_0",0.0
1.0098954618227045,-0.7129706176032701,-0.5396236359480566,1.7709795774564945,"Tepung Mocaf","cluster_0",0.0
0.9313543666292824,-0.5585511232161514,-0.557883138625612,1.6363006409011538,"Tepung Pisang","cluster_0",0.0
1.02953073562106,-0.7583881159524226,-0.5761426413031673,1.761796922691358,"Tepung Sagu","cluster_0",0.0
0.8528132714358603,-0.4586326268480158,-0.557883138625612,1.5169261289543747,"Tepung Sente","cluster_0",0.0
1.094981648282245,-0.7220541172731005,-0.5487533872868343,1.868927894951288,"Tepung singkong/ Tapioka","cluster_0",0.0
1.02953073562106,-0.5585511232161514,-0.5487533872868343,1.752614267926221,"Tepung Sukun","cluster_0",0.0
0.8920838190325713,-0.30421313246089715,-0.5396236359480566,1.4985608194241007,"Tepung Tales Beneng","cluster_0",0.0
1.1080718308144821,-0.013541143026320887,-0.47571537657661295,1.5352914384846483,"Tepung Terigu","cluster_0",0.0
1.0360758268871786,-0.5676346228859819,-0.5396236359480566,1.752614267926221,"Tepung Ubi Ungu","cluster_0",0.0
-0.26639733507040475,1.2036478127309673,-0.3296393551561702,-0.5277449987494341,"Terasi","cluster_0",0.0
-0.03077404949013844,2.184665777072662,-0.2657310957847265,-0.6287542011659398,"Terasi dobo","cluster_0",0.0
-0.14204060101415308,1.903077287307916,-0.27486084712350417,-0.7236416337390207,"Terasi Merah","cluster_0",0.0
-0.14204060101415308,1.903077287307916,-0.27486084712350417,-0.6593630503830628,"Terasi merah","cluster_0",0.0
1.1080718308144821,1.3308168081085943,1.441532404566698,-0.2951177446993003,"Teri balado masakan","cluster_0",0.0
1.7429456836279775,2.7296757572624926,2.3636372897832425,-0.7236416337390207,"Teripang dendeng mentah","Noise",0.19339072157928783
-1.1238042909319295,-0.7220541172731005,-0.5761426413031673,-0.662423935304775,"Terong","cluster_0",0.0
0.5844645295250014,-0.4313821278385243,1.7519439500851386,-0.5399885384362834,"Terong + Oncom makanan","cluster_0",0.0
-1.0256279219401518,-0.6130521212351344,-0.42093686854394696,-0.769554907564705,"Terong Asam","cluster_0",0.0
-0.9667221005450852,-0.6857201185937785,-0.5670128899643897,-0.4848926098454622,"Terong Belanda","cluster_0",0.0
-0.9863573743434407,-0.6493861199144565,-0.5213641332705014,-0.6012062368705292,"Terong hintalo segar","cluster_0",0.0
-1.130349382198048,-0.658469619584287,-0.5852723926419451,-0.6807892448350485,"Terong kukus","cluster_0",0.0
-1.0976239258674554,-0.7220541172731005,-0.5761426413031673,-0.662423935304775,"Terong segar","cluster_0",0.0
-0.9405417354806112,-0.6312191205747955,-0.4939748792541682,-0.5675365027316941,"Terung belanda segar","cluster_0",0.0
-0.9405417354806112,-0.7220541172731005,-0.557883138625612,-0.48795349476717453,"Terung bengkulu segar","cluster_0",0.0
-1.1172591996658108,-0.6312191205747955,-0.5852723926419451,-0.6685457051481994,"Terung panjang","cluster_0",0.0
-1.130349382198048,-0.658469619584287,-0.5852723926419451,-0.6807892448350485,"Terung panjang kukus","cluster_0",0.0
-0.8947260966177816,-0.5585511232161514,-0.5670128899643897,-0.40530960188094267,"Tespong daun","cluster_0",0.0
-0.4954755293845526,-0.603968621565304,-0.557883138625612,-0.03494252635375578,"Tim (nasi tim)","cluster_0",0.0
-1.0648984695368628,-0.7129706176032701,-0.47571537657661295,-0.7052763242087471,"Tinira ninahu nggaluku","cluster_0",0.0
1.042620918153297,-0.2587956341117446,-0.4848451279153906,1.6118135615274556,"Tipa-tipa","cluster_0",0.0
1.02953073562106,-0.603968621565304,-0.4939748792541682,1.722005418709098,"Tiwul","cluster_0",0.0
1.3044245687980374,-0.5313006242066599,0.18162671981537937,1.5108043591109501,"Tiwul Instan","cluster_0",0.0
1.2847892949996818,-0.33146363147038865,2.0075769875709133,0.0385187117673391,"Toge -Tahu makanan","Noise",0.0
-0.6682659388100812,-0.42229862816869373,-0.4300666198827246,-0.36857898282039525,"Toge Goreng","cluster_0",0.0
-1.130349382198048,-0.5585511232161514,-0.5761426413031673,-0.7052763242087471,"Toge kacang ijo","cluster_0",0.0
-1.0518082870046257,-0.36779763014971073,-0.5761426413031673,-0.653241280539638,"Toge kacang tunggak","cluster_0",0.0
-0.8423653664888335,-0.004457643356490411,-0.35702860917250323,-0.6348759710093643,"Toge kedelai","cluster_0",0.0
-1.0976239258674554,-0.549467623546321,-0.5213641332705014,-0.7083372091304593,"Toge seduh","cluster_0",0.0
-1.1499846559964035,-0.731137616942931,-0.5670128899643897,-0.7022154392870347,"Tomat Masak","cluster_0",0.0
-1.1238042909319295,-0.7038871179334395,-0.5487533872868343,-0.6869110146784733,"Tomat merah segar","cluster_0",0.0
-1.1238042909319295,-0.6403026202446259,-0.5304938846092789,-0.7297634035824453,"Tomat muda segar","cluster_0",0.0
-0.04386423202237546,0.20446284904961134,0.8389688162073715,-0.812407296468677,"Tumis bandeng","cluster_0",0.0
-0.9667221005450852,-0.694803618263609,-0.21095258775206047,-0.7511895980344313,"Tumis bayam bersantan","cluster_0",0.0
-0.06349950582073098,-0.6493861199144565,-0.5761426413031673,0.5251994143195929,"Ubi Cilembu","cluster_0",0.0
-0.2336718787398122,-0.4858831258575073,-0.47571537657661295,0.8618967557079447,"Ubi Jalar Goreng","cluster_0",0.0
-0.6263773547069227,-0.7583881159524226,-0.5670128899643897,-0.1022819946314261,"Ubi jalar kuning kukus","cluster_0",0.0
-0.5020206206506711,-0.7765551152920835,-0.557883138625612,-0.062490490649166335,"Ubi jalar kuning segar","cluster_0",0.0
-0.7376439062309373,-0.6857201185937785,-0.5761426413031673,-0.2553262407170405,"Ubi jalar manis segar","cluster_0",0.0
-0.475840255586197,-0.658469619584287,-0.5304938846092789,0.023214287158777658,"Ubi Jalar Merah","cluster_0",0.0
-0.29257770013487877,-0.676636618923948,-0.5670128899643897,0.2527806562871993,"Ubi jalar merah segar","cluster_0",0.0
-0.475840255586197,-0.658469619584287,-0.5304938846092789,0.023214287158777658,"Ubi Jalar Putih","cluster_0",0.0
-0.5347460769812636,-0.694803618263609,0.2820539845419337,-0.04718606604060489,"Ubi Jalar Rebus","cluster_0",0.0
-0.076589688352968,-0.694803618263609,-0.5670128899643897,-0.14207349861368587,"Ubi Jalar Sayur","cluster_0",0.0
-0.5740166245779746,-0.7765551152920835,-0.557883138625612,-0.04718606604060489,"Ubi jalar tinta/ kemayung","cluster_0",0.0
-0.20094642240921967,-0.7402211166127616,-0.5761426413031673,0.38745959284253995,"Ubi jalar tinta/ kemayung kukus","cluster_0",0.0
-0.7441889974970559,-0.2951296327910667,-0.47571537657661295,-0.47264907015861307,"Uceng/ bunga melinjo segar","cluster_0",0.0
-0.9143613704161371,0.2135463487194418,-0.5396236359480566,-0.7940419869384033,"Udang besar segar","cluster_0",0.0
-0.7507340887631744,0.6768048318807977,-0.5670128899643897,-0.7389460583475822,"Udang galah segar","cluster_0",0.0
0.6499154421861865,4.846131180333001,-0.38441786318883625,-0.7756766774081296,"Udang kering","Noise",0.8907107410473107
0.5386488906621718,4.864298179672661,-0.22008233909083819,-0.7634331377212805,"Udang kering mentah","Noise",0.9059080875502014
0.5059234343315793,3.519940228537746,-0.24747159310717118,-0.44816199078491475,"Udang papay mentah","Noise",0.0
-0.6852831761019893,1.0855623170231705,-0.5761426413031673,-0.8277117210772384,"Udang segar","cluster_0",0.0
1.2062481998062597,0.2589638470685944,2.1719125116689115,-0.3747007526638198,"Ulat sagu panggang","cluster_0",0.0
0.296480513815787,-0.2951296327910667,1.3776241451952544,-0.653241280539638,"Ulat sagu segar","cluster_0",0.0
-0.4954755293845526,-0.5676346228859819,-0.5487533872868343,1.6883356845702626,"Umbi Uwi segar","Noise",0.0
-1.0583533782707444,-0.603968621565304,-0.5670128899643897,-0.662423935304775,"Umbut rotan","cluster_0",0.0
-0.43002461672336745,0.449717340135035,0.06293995241126966,-0.7848593321732664,"Usus Sapi","cluster_0",0.0
-0.6198322634408042,-0.6403026202446259,-0.5761426413031673,-0.22471739149991765,"Uwi","cluster_0",0.0
1.094981648282245,-0.031708142365981996,-0.557883138625612,1.5781438273886206,"Vermicelli","cluster_0",0.0
0.7022761723151345,-0.24971213444191415,-0.34789885783372554,1.1067675494449278,"Wajit camilan","cluster_0",0.0
-0.9863573743434407,-0.749304616282592,-0.5122343819317235,-0.5828409273402555,"Waluh balamak","cluster_0",0.0
1.4942322155154741,-0.7038871179334395,0.3824812492684881,1.6393615258228662,"Widaran","cluster_0",0.0
2.4367253578365395,0.931142822636052,4.070900790134668,-0.27675243516902653,"Wijen","Noise",0.0
1.042620918153297,-0.5313006242066599,0.7841903081747057,0.7425222437611655,"Wingko babat","cluster_0",0.0
-0.34493843026382687,-0.5403841238764904,0.11771846044393566,-0.3716398677421075,"Woku ubi","cluster_0",0.0
1.6774947709667922,0.49513483848418754,3.2674826723222323,-0.7603722527995681,"Worst (sosis daging)","Noise",0.0
-1.0059926481417962,-0.7129706176032701,-0.5396236359480566,-0.546110308279708,"Wortel Segar","cluster_0",0.0
-1.0387181044723888,-0.731137616942931,-0.5396236359480566,-0.5767191574968308,"Wortel kukus","cluster_0",0.0
-1.0976239258674554,-0.7583881159524226,-0.5487533872868343,-0.6379368559310766,"Wortel rebus","cluster_0",0.0
0.38156670027532763,-0.549467623546321,-0.4939748792541682,0.9476015335158889,"Yangko","cluster_0",0.0
-0.9405417354806112,-0.5222171245368293,-0.36615836051128087,-0.7083372091304593,"Yoghurt","cluster_0",0.0
